name	layer	gpu	family	dims	elements	ggml_type_id	ggml_type	bytes
token_embd.weight	-1	-1	global	[4096x129280]	529530880	30	bf16	1059061760
blk.0.attn_sinks	0	0	attention	[64]	64	0	f32	256
blk.0.attn_kv_a_norm.weight	0	0	attention	[512]	512	0	f32	2048
blk.0.attn_q_a_norm.weight	0	0	attention	[1024]	1024	0	f32	4096
blk.0.attn_kv_latent.weight	0	0	attention	[4096x512]	2097152	42	f8_e4m3_b128	2113536
blk.0.attn_output_a.weight	0	0	attention	[4096x8192]	33554432	42	f8_e4m3_b128	33816576
blk.0.attn_output_b.weight	0	0	attention	[8192x4096]	33554432	42	f8_e4m3_b128	33816576
blk.0.attn_q_a.weight	0	0	attention	[4096x1024]	4194304	42	f8_e4m3_b128	4227072
blk.0.attn_q_b.weight	0	0	attention	[1024x32768]	33554432	42	f8_e4m3_b128	33816576
blk.0.attn_norm.weight	0	0	attention	[4096]	4096	0	f32	16384
blk.0.ffn_down_exps.weight	0	0	routed_expert	[2048x4096x256]	2147483648	39	mxfp4	1140850688
blk.0.ffn_gate_exps.weight	0	0	routed_expert	[4096x2048x256]	2147483648	39	mxfp4	1140850688
blk.0.ffn_up_exps.weight	0	0	routed_expert	[4096x2048x256]	2147483648	39	mxfp4	1140850688
blk.0.ffn_gate_tid2eid	0	0	router	[6x129280]	775680	26	i32	3102720
blk.0.ffn_gate_inp.weight	0	0	router	[4096x256]	1048576	0	f32	4194304
blk.0.ffn_gate_shexp.weight	0	0	shared_expert	[4096x2048]	8388608	42	f8_e4m3_b128	8454144
blk.0.ffn_down_shexp.weight	0	0	shared_expert	[2048x4096]	8388608	42	f8_e4m3_b128	8454144
blk.0.ffn_up_shexp.weight	0	0	shared_expert	[4096x2048]	8388608	42	f8_e4m3_b128	8454144
blk.0.ffn_norm.weight	0	0	control	[4096]	4096	0	f32	16384
blk.0.hc_attn_base	0	0	hc	[24]	24	0	f32	96
blk.0.hc_attn_fn	0	0	hc	[16384x24]	393216	0	f32	1572864
blk.0.hc_attn_scale	0	0	hc	[3]	3	0	f32	12
blk.0.hc_ffn_base	0	0	hc	[24]	24	0	f32	96
blk.0.hc_ffn_fn	0	0	hc	[16384x24]	393216	0	f32	1572864
blk.0.hc_ffn_scale	0	0	hc	[3]	3	0	f32	12
blk.1.attn_sinks	1	0	attention	[64]	64	0	f32	256
blk.1.attn_kv_a_norm.weight	1	0	attention	[512]	512	0	f32	2048
blk.1.attn_q_a_norm.weight	1	0	attention	[1024]	1024	0	f32	4096
blk.1.attn_kv_latent.weight	1	0	attention	[4096x512]	2097152	42	f8_e4m3_b128	2113536
blk.1.attn_output_a.weight	1	0	attention	[4096x8192]	33554432	42	f8_e4m3_b128	33816576
blk.1.attn_output_b.weight	1	0	attention	[8192x4096]	33554432	42	f8_e4m3_b128	33816576
blk.1.attn_q_a.weight	1	0	attention	[4096x1024]	4194304	42	f8_e4m3_b128	4227072
blk.1.attn_q_b.weight	1	0	attention	[1024x32768]	33554432	42	f8_e4m3_b128	33816576
blk.1.attn_norm.weight	1	0	attention	[4096]	4096	0	f32	16384
blk.1.ffn_down_exps.weight	1	0	routed_expert	[2048x4096x256]	2147483648	39	mxfp4	1140850688
blk.1.ffn_gate_exps.weight	1	0	routed_expert	[4096x2048x256]	2147483648	39	mxfp4	1140850688
blk.1.ffn_up_exps.weight	1	0	routed_expert	[4096x2048x256]	2147483648	39	mxfp4	1140850688
blk.1.ffn_gate_tid2eid	1	0	router	[6x129280]	775680	26	i32	3102720
blk.1.ffn_gate_inp.weight	1	0	router	[4096x256]	1048576	0	f32	4194304
blk.1.ffn_gate_shexp.weight	1	0	shared_expert	[4096x2048]	8388608	42	f8_e4m3_b128	8454144
blk.1.ffn_down_shexp.weight	1	0	shared_expert	[2048x4096]	8388608	42	f8_e4m3_b128	8454144
blk.1.ffn_up_shexp.weight	1	0	shared_expert	[4096x2048]	8388608	42	f8_e4m3_b128	8454144
blk.1.ffn_norm.weight	1	0	control	[4096]	4096	0	f32	16384
blk.1.hc_attn_base	1	0	hc	[24]	24	0	f32	96
blk.1.hc_attn_fn	1	0	hc	[16384x24]	393216	0	f32	1572864
blk.1.hc_attn_scale	1	0	hc	[3]	3	0	f32	12
blk.1.hc_ffn_base	1	0	hc	[24]	24	0	f32	96
blk.1.hc_ffn_fn	1	0	hc	[16384x24]	393216	0	f32	1572864
blk.1.hc_ffn_scale	1	0	hc	[3]	3	0	f32	12
blk.2.attn_sinks	2	0	attention	[64]	64	0	f32	256
blk.2.attn_compress_ape	2	0	compressor	[1024x4]	4096	0	f32	16384
blk.2.attn_compress_norm.weight	2	0	compressor	[512]	512	0	f32	2048
blk.2.attn_compress_gate.weight	2	0	compressor	[4096x1024]	4194304	30	bf16	8388608
blk.2.attn_compress_kv.weight	2	0	compressor	[4096x1024]	4194304	30	bf16	8388608
blk.2.indexer.compress_ape	2	0	indexer	[256x4]	1024	0	f32	4096
blk.2.indexer.compress_norm.weight	2	0	indexer	[128]	128	0	f32	512
blk.2.indexer.compress_gate.weight	2	0	indexer	[4096x256]	1048576	30	bf16	2097152
blk.2.indexer.compress_kv.weight	2	0	indexer	[4096x256]	1048576	30	bf16	2097152
blk.2.indexer.proj.weight	2	0	indexer	[4096x64]	262144	30	bf16	524288
blk.2.indexer.attn_q_b.weight	2	0	indexer	[1024x8192]	8388608	42	f8_e4m3_b128	8454144
blk.2.attn_kv_a_norm.weight	2	0	attention	[512]	512	0	f32	2048
blk.2.attn_q_a_norm.weight	2	0	attention	[1024]	1024	0	f32	4096
blk.2.attn_kv_latent.weight	2	0	attention	[4096x512]	2097152	42	f8_e4m3_b128	2113536
blk.2.attn_output_a.weight	2	0	attention	[4096x8192]	33554432	42	f8_e4m3_b128	33816576
blk.2.attn_output_b.weight	2	0	attention	[8192x4096]	33554432	42	f8_e4m3_b128	33816576
blk.2.attn_q_a.weight	2	0	attention	[4096x1024]	4194304	42	f8_e4m3_b128	4227072
blk.2.attn_q_b.weight	2	0	attention	[1024x32768]	33554432	42	f8_e4m3_b128	33816576
blk.2.attn_norm.weight	2	0	attention	[4096]	4096	0	f32	16384
blk.2.ffn_down_exps.weight	2	0	routed_expert	[2048x4096x256]	2147483648	39	mxfp4	1140850688
blk.2.ffn_gate_exps.weight	2	0	routed_expert	[4096x2048x256]	2147483648	39	mxfp4	1140850688
blk.2.ffn_up_exps.weight	2	0	routed_expert	[4096x2048x256]	2147483648	39	mxfp4	1140850688
blk.2.ffn_gate_tid2eid	2	0	router	[6x129280]	775680	26	i32	3102720
blk.2.ffn_gate_inp.weight	2	0	router	[4096x256]	1048576	0	f32	4194304
blk.2.ffn_gate_shexp.weight	2	0	shared_expert	[4096x2048]	8388608	42	f8_e4m3_b128	8454144
blk.2.ffn_down_shexp.weight	2	0	shared_expert	[2048x4096]	8388608	42	f8_e4m3_b128	8454144
blk.2.ffn_up_shexp.weight	2	0	shared_expert	[4096x2048]	8388608	42	f8_e4m3_b128	8454144
blk.2.ffn_norm.weight	2	0	control	[4096]	4096	0	f32	16384
blk.2.hc_attn_base	2	0	hc	[24]	24	0	f32	96
blk.2.hc_attn_fn	2	0	hc	[16384x24]	393216	0	f32	1572864
blk.2.hc_attn_scale	2	0	hc	[3]	3	0	f32	12
blk.2.hc_ffn_base	2	0	hc	[24]	24	0	f32	96
blk.2.hc_ffn_fn	2	0	hc	[16384x24]	393216	0	f32	1572864
blk.2.hc_ffn_scale	2	0	hc	[3]	3	0	f32	12
blk.3.attn_sinks	3	0	attention	[64]	64	0	f32	256
blk.3.attn_compress_ape	3	0	compressor	[512x128]	65536	0	f32	262144
blk.3.attn_compress_norm.weight	3	0	compressor	[512]	512	0	f32	2048
blk.3.attn_compress_gate.weight	3	0	compressor	[4096x512]	2097152	30	bf16	4194304
blk.3.attn_compress_kv.weight	3	0	compressor	[4096x512]	2097152	30	bf16	4194304
blk.3.attn_kv_a_norm.weight	3	0	attention	[512]	512	0	f32	2048
blk.3.attn_q_a_norm.weight	3	0	attention	[1024]	1024	0	f32	4096
blk.3.attn_kv_latent.weight	3	0	attention	[4096x512]	2097152	42	f8_e4m3_b128	2113536
blk.3.attn_output_a.weight	3	0	attention	[4096x8192]	33554432	42	f8_e4m3_b128	33816576
blk.3.attn_output_b.weight	3	0	attention	[8192x4096]	33554432	42	f8_e4m3_b128	33816576
blk.3.attn_q_a.weight	3	0	attention	[4096x1024]	4194304	42	f8_e4m3_b128	4227072
blk.3.attn_q_b.weight	3	0	attention	[1024x32768]	33554432	42	f8_e4m3_b128	33816576
blk.3.attn_norm.weight	3	0	attention	[4096]	4096	0	f32	16384
blk.3.ffn_down_exps.weight	3	0	routed_expert	[2048x4096x256]	2147483648	39	mxfp4	1140850688
blk.3.ffn_gate_exps.weight	3	0	routed_expert	[4096x2048x256]	2147483648	39	mxfp4	1140850688
blk.3.ffn_up_exps.weight	3	0	routed_expert	[4096x2048x256]	2147483648	39	mxfp4	1140850688
blk.3.exp_probs_b	3	0	router	[256]	256	0	f32	1024
blk.3.ffn_gate_inp.weight	3	0	router	[4096x256]	1048576	0	f32	4194304
blk.3.ffn_gate_shexp.weight	3	0	shared_expert	[4096x2048]	8388608	42	f8_e4m3_b128	8454144
blk.3.ffn_down_shexp.weight	3	0	shared_expert	[2048x4096]	8388608	42	f8_e4m3_b128	8454144
blk.3.ffn_up_shexp.weight	3	0	shared_expert	[4096x2048]	8388608	42	f8_e4m3_b128	8454144
blk.3.ffn_norm.weight	3	0	control	[4096]	4096	0	f32	16384
blk.3.hc_attn_base	3	0	hc	[24]	24	0	f32	96
blk.3.hc_attn_fn	3	0	hc	[16384x24]	393216	0	f32	1572864
blk.3.hc_attn_scale	3	0	hc	[3]	3	0	f32	12
blk.3.hc_ffn_base	3	0	hc	[24]	24	0	f32	96
blk.3.hc_ffn_fn	3	0	hc	[16384x24]	393216	0	f32	1572864
blk.3.hc_ffn_scale	3	0	hc	[3]	3	0	f32	12
blk.4.attn_sinks	4	0	attention	[64]	64	0	f32	256
blk.4.attn_compress_ape	4	0	compressor	[1024x4]	4096	0	f32	16384
blk.4.attn_compress_norm.weight	4	0	compressor	[512]	512	0	f32	2048
blk.4.attn_compress_gate.weight	4	0	compressor	[4096x1024]	4194304	30	bf16	8388608
blk.4.attn_compress_kv.weight	4	0	compressor	[4096x1024]	4194304	30	bf16	8388608
blk.4.indexer.compress_ape	4	0	indexer	[256x4]	1024	0	f32	4096
blk.4.indexer.compress_norm.weight	4	0	indexer	[128]	128	0	f32	512
blk.4.indexer.compress_gate.weight	4	0	indexer	[4096x256]	1048576	30	bf16	2097152
blk.4.indexer.compress_kv.weight	4	0	indexer	[4096x256]	1048576	30	bf16	2097152
blk.4.indexer.proj.weight	4	0	indexer	[4096x64]	262144	30	bf16	524288
blk.4.indexer.attn_q_b.weight	4	0	indexer	[1024x8192]	8388608	42	f8_e4m3_b128	8454144
blk.4.attn_kv_a_norm.weight	4	0	attention	[512]	512	0	f32	2048
blk.4.attn_q_a_norm.weight	4	0	attention	[1024]	1024	0	f32	4096
blk.4.attn_kv_latent.weight	4	0	attention	[4096x512]	2097152	42	f8_e4m3_b128	2113536
blk.4.attn_output_a.weight	4	0	attention	[4096x8192]	33554432	42	f8_e4m3_b128	33816576
blk.4.attn_output_b.weight	4	0	attention	[8192x4096]	33554432	42	f8_e4m3_b128	33816576
blk.4.attn_q_a.weight	4	0	attention	[4096x1024]	4194304	42	f8_e4m3_b128	4227072
blk.4.attn_q_b.weight	4	0	attention	[1024x32768]	33554432	42	f8_e4m3_b128	33816576
blk.4.attn_norm.weight	4	0	attention	[4096]	4096	0	f32	16384
blk.4.ffn_down_exps.weight	4	0	routed_expert	[2048x4096x256]	2147483648	39	mxfp4	1140850688
blk.4.ffn_gate_exps.weight	4	0	routed_expert	[4096x2048x256]	2147483648	39	mxfp4	1140850688
blk.4.ffn_up_exps.weight	4	0	routed_expert	[4096x2048x256]	2147483648	39	mxfp4	1140850688
blk.4.exp_probs_b	4	0	router	[256]	256	0	f32	1024
blk.4.ffn_gate_inp.weight	4	0	router	[4096x256]	1048576	0	f32	4194304
blk.4.ffn_gate_shexp.weight	4	0	shared_expert	[4096x2048]	8388608	42	f8_e4m3_b128	8454144
blk.4.ffn_down_shexp.weight	4	0	shared_expert	[2048x4096]	8388608	42	f8_e4m3_b128	8454144
blk.4.ffn_up_shexp.weight	4	0	shared_expert	[4096x2048]	8388608	42	f8_e4m3_b128	8454144
blk.4.ffn_norm.weight	4	0	control	[4096]	4096	0	f32	16384
blk.4.hc_attn_base	4	0	hc	[24]	24	0	f32	96
blk.4.hc_attn_fn	4	0	hc	[16384x24]	393216	0	f32	1572864
blk.4.hc_attn_scale	4	0	hc	[3]	3	0	f32	12
blk.4.hc_ffn_base	4	0	hc	[24]	24	0	f32	96
blk.4.hc_ffn_fn	4	0	hc	[16384x24]	393216	0	f32	1572864
blk.4.hc_ffn_scale	4	0	hc	[3]	3	0	f32	12
blk.5.attn_sinks	5	0	attention	[64]	64	0	f32	256
blk.5.attn_compress_ape	5	0	compressor	[512x128]	65536	0	f32	262144
blk.5.attn_compress_norm.weight	5	0	compressor	[512]	512	0	f32	2048
blk.5.attn_compress_gate.weight	5	0	compressor	[4096x512]	2097152	30	bf16	4194304
blk.5.attn_compress_kv.weight	5	0	compressor	[4096x512]	2097152	30	bf16	4194304
blk.5.attn_kv_a_norm.weight	5	0	attention	[512]	512	0	f32	2048
blk.5.attn_q_a_norm.weight	5	0	attention	[1024]	1024	0	f32	4096
blk.5.attn_kv_latent.weight	5	0	attention	[4096x512]	2097152	42	f8_e4m3_b128	2113536
blk.5.attn_output_a.weight	5	0	attention	[4096x8192]	33554432	42	f8_e4m3_b128	33816576
blk.5.attn_output_b.weight	5	0	attention	[8192x4096]	33554432	42	f8_e4m3_b128	33816576
blk.5.attn_q_a.weight	5	0	attention	[4096x1024]	4194304	42	f8_e4m3_b128	4227072
blk.5.attn_q_b.weight	5	0	attention	[1024x32768]	33554432	42	f8_e4m3_b128	33816576
blk.5.attn_norm.weight	5	0	attention	[4096]	4096	0	f32	16384
blk.5.ffn_down_exps.weight	5	0	routed_expert	[2048x4096x256]	2147483648	39	mxfp4	1140850688
blk.5.ffn_gate_exps.weight	5	0	routed_expert	[4096x2048x256]	2147483648	39	mxfp4	1140850688
blk.5.ffn_up_exps.weight	5	0	routed_expert	[4096x2048x256]	2147483648	39	mxfp4	1140850688
blk.5.exp_probs_b	5	0	router	[256]	256	0	f32	1024
blk.5.ffn_gate_inp.weight	5	0	router	[4096x256]	1048576	0	f32	4194304
blk.5.ffn_gate_shexp.weight	5	0	shared_expert	[4096x2048]	8388608	42	f8_e4m3_b128	8454144
blk.5.ffn_down_shexp.weight	5	0	shared_expert	[2048x4096]	8388608	42	f8_e4m3_b128	8454144
blk.5.ffn_up_shexp.weight	5	0	shared_expert	[4096x2048]	8388608	42	f8_e4m3_b128	8454144
blk.5.ffn_norm.weight	5	0	control	[4096]	4096	0	f32	16384
blk.5.hc_attn_base	5	0	hc	[24]	24	0	f32	96
blk.5.hc_attn_fn	5	0	hc	[16384x24]	393216	0	f32	1572864
blk.5.hc_attn_scale	5	0	hc	[3]	3	0	f32	12
blk.5.hc_ffn_base	5	0	hc	[24]	24	0	f32	96
blk.5.hc_ffn_fn	5	0	hc	[16384x24]	393216	0	f32	1572864
blk.5.hc_ffn_scale	5	0	hc	[3]	3	0	f32	12
blk.6.attn_sinks	6	1	attention	[64]	64	0	f32	256
blk.6.attn_compress_ape	6	1	compressor	[1024x4]	4096	0	f32	16384
blk.6.attn_compress_norm.weight	6	1	compressor	[512]	512	0	f32	2048
blk.6.attn_compress_gate.weight	6	1	compressor	[4096x1024]	4194304	30	bf16	8388608
blk.6.attn_compress_kv.weight	6	1	compressor	[4096x1024]	4194304	30	bf16	8388608
blk.6.indexer.compress_ape	6	1	indexer	[256x4]	1024	0	f32	4096
blk.6.indexer.compress_norm.weight	6	1	indexer	[128]	128	0	f32	512
blk.6.indexer.compress_gate.weight	6	1	indexer	[4096x256]	1048576	30	bf16	2097152
blk.6.indexer.compress_kv.weight	6	1	indexer	[4096x256]	1048576	30	bf16	2097152
blk.6.indexer.proj.weight	6	1	indexer	[4096x64]	262144	30	bf16	524288
blk.6.indexer.attn_q_b.weight	6	1	indexer	[1024x8192]	8388608	42	f8_e4m3_b128	8454144
blk.6.attn_kv_a_norm.weight	6	1	attention	[512]	512	0	f32	2048
blk.6.attn_q_a_norm.weight	6	1	attention	[1024]	1024	0	f32	4096
blk.6.attn_kv_latent.weight	6	1	attention	[4096x512]	2097152	42	f8_e4m3_b128	2113536
blk.6.attn_output_a.weight	6	1	attention	[4096x8192]	33554432	42	f8_e4m3_b128	33816576
blk.6.attn_output_b.weight	6	1	attention	[8192x4096]	33554432	42	f8_e4m3_b128	33816576
blk.6.attn_q_a.weight	6	1	attention	[4096x1024]	4194304	42	f8_e4m3_b128	4227072
blk.6.attn_q_b.weight	6	1	attention	[1024x32768]	33554432	42	f8_e4m3_b128	33816576
blk.6.attn_norm.weight	6	1	attention	[4096]	4096	0	f32	16384
blk.6.ffn_down_exps.weight	6	1	routed_expert	[2048x4096x256]	2147483648	39	mxfp4	1140850688
blk.6.ffn_gate_exps.weight	6	1	routed_expert	[4096x2048x256]	2147483648	39	mxfp4	1140850688
blk.6.ffn_up_exps.weight	6	1	routed_expert	[4096x2048x256]	2147483648	39	mxfp4	1140850688
blk.6.exp_probs_b	6	1	router	[256]	256	0	f32	1024
blk.6.ffn_gate_inp.weight	6	1	router	[4096x256]	1048576	0	f32	4194304
blk.6.ffn_gate_shexp.weight	6	1	shared_expert	[4096x2048]	8388608	42	f8_e4m3_b128	8454144
blk.6.ffn_down_shexp.weight	6	1	shared_expert	[2048x4096]	8388608	42	f8_e4m3_b128	8454144
blk.6.ffn_up_shexp.weight	6	1	shared_expert	[4096x2048]	8388608	42	f8_e4m3_b128	8454144
blk.6.ffn_norm.weight	6	1	control	[4096]	4096	0	f32	16384
blk.6.hc_attn_base	6	1	hc	[24]	24	0	f32	96
blk.6.hc_attn_fn	6	1	hc	[16384x24]	393216	0	f32	1572864
blk.6.hc_attn_scale	6	1	hc	[3]	3	0	f32	12
blk.6.hc_ffn_base	6	1	hc	[24]	24	0	f32	96
blk.6.hc_ffn_fn	6	1	hc	[16384x24]	393216	0	f32	1572864
blk.6.hc_ffn_scale	6	1	hc	[3]	3	0	f32	12
blk.7.attn_sinks	7	1	attention	[64]	64	0	f32	256
blk.7.attn_compress_ape	7	1	compressor	[512x128]	65536	0	f32	262144
blk.7.attn_compress_norm.weight	7	1	compressor	[512]	512	0	f32	2048
blk.7.attn_compress_gate.weight	7	1	compressor	[4096x512]	2097152	30	bf16	4194304
blk.7.attn_compress_kv.weight	7	1	compressor	[4096x512]	2097152	30	bf16	4194304
blk.7.attn_kv_a_norm.weight	7	1	attention	[512]	512	0	f32	2048
blk.7.attn_q_a_norm.weight	7	1	attention	[1024]	1024	0	f32	4096
blk.7.attn_kv_latent.weight	7	1	attention	[4096x512]	2097152	42	f8_e4m3_b128	2113536
blk.7.attn_output_a.weight	7	1	attention	[4096x8192]	33554432	42	f8_e4m3_b128	33816576
blk.7.attn_output_b.weight	7	1	attention	[8192x4096]	33554432	42	f8_e4m3_b128	33816576
blk.7.attn_q_a.weight	7	1	attention	[4096x1024]	4194304	42	f8_e4m3_b128	4227072
blk.7.attn_q_b.weight	7	1	attention	[1024x32768]	33554432	42	f8_e4m3_b128	33816576
blk.7.attn_norm.weight	7	1	attention	[4096]	4096	0	f32	16384
blk.7.ffn_down_exps.weight	7	1	routed_expert	[2048x4096x256]	2147483648	39	mxfp4	1140850688
blk.7.ffn_gate_exps.weight	7	1	routed_expert	[4096x2048x256]	2147483648	39	mxfp4	1140850688
blk.7.ffn_up_exps.weight	7	1	routed_expert	[4096x2048x256]	2147483648	39	mxfp4	1140850688
blk.7.exp_probs_b	7	1	router	[256]	256	0	f32	1024
blk.7.ffn_gate_inp.weight	7	1	router	[4096x256]	1048576	0	f32	4194304
blk.7.ffn_gate_shexp.weight	7	1	shared_expert	[4096x2048]	8388608	42	f8_e4m3_b128	8454144
blk.7.ffn_down_shexp.weight	7	1	shared_expert	[2048x4096]	8388608	42	f8_e4m3_b128	8454144
blk.7.ffn_up_shexp.weight	7	1	shared_expert	[4096x2048]	8388608	42	f8_e4m3_b128	8454144
blk.7.ffn_norm.weight	7	1	control	[4096]	4096	0	f32	16384
blk.7.hc_attn_base	7	1	hc	[24]	24	0	f32	96
blk.7.hc_attn_fn	7	1	hc	[16384x24]	393216	0	f32	1572864
blk.7.hc_attn_scale	7	1	hc	[3]	3	0	f32	12
blk.7.hc_ffn_base	7	1	hc	[24]	24	0	f32	96
blk.7.hc_ffn_fn	7	1	hc	[16384x24]	393216	0	f32	1572864
blk.7.hc_ffn_scale	7	1	hc	[3]	3	0	f32	12
blk.8.attn_sinks	8	1	attention	[64]	64	0	f32	256
blk.8.attn_compress_ape	8	1	compressor	[1024x4]	4096	0	f32	16384
blk.8.attn_compress_norm.weight	8	1	compressor	[512]	512	0	f32	2048
blk.8.attn_compress_gate.weight	8	1	compressor	[4096x1024]	4194304	30	bf16	8388608
blk.8.attn_compress_kv.weight	8	1	compressor	[4096x1024]	4194304	30	bf16	8388608
blk.8.indexer.compress_ape	8	1	indexer	[256x4]	1024	0	f32	4096
blk.8.indexer.compress_norm.weight	8	1	indexer	[128]	128	0	f32	512
blk.8.indexer.compress_gate.weight	8	1	indexer	[4096x256]	1048576	30	bf16	2097152
blk.8.indexer.compress_kv.weight	8	1	indexer	[4096x256]	1048576	30	bf16	2097152
blk.8.indexer.proj.weight	8	1	indexer	[4096x64]	262144	30	bf16	524288
blk.8.indexer.attn_q_b.weight	8	1	indexer	[1024x8192]	8388608	42	f8_e4m3_b128	8454144
blk.8.attn_kv_a_norm.weight	8	1	attention	[512]	512	0	f32	2048
blk.8.attn_q_a_norm.weight	8	1	attention	[1024]	1024	0	f32	4096
blk.8.attn_kv_latent.weight	8	1	attention	[4096x512]	2097152	42	f8_e4m3_b128	2113536
blk.8.attn_output_a.weight	8	1	attention	[4096x8192]	33554432	42	f8_e4m3_b128	33816576
blk.8.attn_output_b.weight	8	1	attention	[8192x4096]	33554432	42	f8_e4m3_b128	33816576
blk.8.attn_q_a.weight	8	1	attention	[4096x1024]	4194304	42	f8_e4m3_b128	4227072
blk.8.attn_q_b.weight	8	1	attention	[1024x32768]	33554432	42	f8_e4m3_b128	33816576
blk.8.attn_norm.weight	8	1	attention	[4096]	4096	0	f32	16384
blk.8.ffn_down_exps.weight	8	1	routed_expert	[2048x4096x256]	2147483648	39	mxfp4	1140850688
blk.8.ffn_gate_exps.weight	8	1	routed_expert	[4096x2048x256]	2147483648	39	mxfp4	1140850688
blk.8.ffn_up_exps.weight	8	1	routed_expert	[4096x2048x256]	2147483648	39	mxfp4	1140850688
blk.8.exp_probs_b	8	1	router	[256]	256	0	f32	1024
blk.8.ffn_gate_inp.weight	8	1	router	[4096x256]	1048576	0	f32	4194304
blk.8.ffn_gate_shexp.weight	8	1	shared_expert	[4096x2048]	8388608	42	f8_e4m3_b128	8454144
blk.8.ffn_down_shexp.weight	8	1	shared_expert	[2048x4096]	8388608	42	f8_e4m3_b128	8454144
blk.8.ffn_up_shexp.weight	8	1	shared_expert	[4096x2048]	8388608	42	f8_e4m3_b128	8454144
blk.8.ffn_norm.weight	8	1	control	[4096]	4096	0	f32	16384
blk.8.hc_attn_base	8	1	hc	[24]	24	0	f32	96
blk.8.hc_attn_fn	8	1	hc	[16384x24]	393216	0	f32	1572864
blk.8.hc_attn_scale	8	1	hc	[3]	3	0	f32	12
blk.8.hc_ffn_base	8	1	hc	[24]	24	0	f32	96
blk.8.hc_ffn_fn	8	1	hc	[16384x24]	393216	0	f32	1572864
blk.8.hc_ffn_scale	8	1	hc	[3]	3	0	f32	12
blk.9.attn_sinks	9	1	attention	[64]	64	0	f32	256
blk.9.attn_compress_ape	9	1	compressor	[512x128]	65536	0	f32	262144
blk.9.attn_compress_norm.weight	9	1	compressor	[512]	512	0	f32	2048
blk.9.attn_compress_gate.weight	9	1	compressor	[4096x512]	2097152	30	bf16	4194304
blk.9.attn_compress_kv.weight	9	1	compressor	[4096x512]	2097152	30	bf16	4194304
blk.9.attn_kv_a_norm.weight	9	1	attention	[512]	512	0	f32	2048
blk.9.attn_q_a_norm.weight	9	1	attention	[1024]	1024	0	f32	4096
blk.9.attn_kv_latent.weight	9	1	attention	[4096x512]	2097152	42	f8_e4m3_b128	2113536
blk.9.attn_output_a.weight	9	1	attention	[4096x8192]	33554432	42	f8_e4m3_b128	33816576
blk.9.attn_output_b.weight	9	1	attention	[8192x4096]	33554432	42	f8_e4m3_b128	33816576
blk.9.attn_q_a.weight	9	1	attention	[4096x1024]	4194304	42	f8_e4m3_b128	4227072
blk.9.attn_q_b.weight	9	1	attention	[1024x32768]	33554432	42	f8_e4m3_b128	33816576
blk.9.attn_norm.weight	9	1	attention	[4096]	4096	0	f32	16384
blk.9.ffn_down_exps.weight	9	1	routed_expert	[2048x4096x256]	2147483648	39	mxfp4	1140850688
blk.9.ffn_gate_exps.weight	9	1	routed_expert	[4096x2048x256]	2147483648	39	mxfp4	1140850688
blk.9.ffn_up_exps.weight	9	1	routed_expert	[4096x2048x256]	2147483648	39	mxfp4	1140850688
blk.9.exp_probs_b	9	1	router	[256]	256	0	f32	1024
blk.9.ffn_gate_inp.weight	9	1	router	[4096x256]	1048576	0	f32	4194304
blk.9.ffn_gate_shexp.weight	9	1	shared_expert	[4096x2048]	8388608	42	f8_e4m3_b128	8454144
blk.9.ffn_down_shexp.weight	9	1	shared_expert	[2048x4096]	8388608	42	f8_e4m3_b128	8454144
blk.9.ffn_up_shexp.weight	9	1	shared_expert	[4096x2048]	8388608	42	f8_e4m3_b128	8454144
blk.9.ffn_norm.weight	9	1	control	[4096]	4096	0	f32	16384
blk.9.hc_attn_base	9	1	hc	[24]	24	0	f32	96
blk.9.hc_attn_fn	9	1	hc	[16384x24]	393216	0	f32	1572864
blk.9.hc_attn_scale	9	1	hc	[3]	3	0	f32	12
blk.9.hc_ffn_base	9	1	hc	[24]	24	0	f32	96
blk.9.hc_ffn_fn	9	1	hc	[16384x24]	393216	0	f32	1572864
blk.9.hc_ffn_scale	9	1	hc	[3]	3	0	f32	12
blk.10.attn_sinks	10	1	attention	[64]	64	0	f32	256
blk.10.attn_compress_ape	10	1	compressor	[1024x4]	4096	0	f32	16384
blk.10.attn_compress_norm.weight	10	1	compressor	[512]	512	0	f32	2048
blk.10.attn_compress_gate.weight	10	1	compressor	[4096x1024]	4194304	30	bf16	8388608
blk.10.attn_compress_kv.weight	10	1	compressor	[4096x1024]	4194304	30	bf16	8388608
blk.10.indexer.compress_ape	10	1	indexer	[256x4]	1024	0	f32	4096
blk.10.indexer.compress_norm.weight	10	1	indexer	[128]	128	0	f32	512
blk.10.indexer.compress_gate.weight	10	1	indexer	[4096x256]	1048576	30	bf16	2097152
blk.10.indexer.compress_kv.weight	10	1	indexer	[4096x256]	1048576	30	bf16	2097152
blk.10.indexer.proj.weight	10	1	indexer	[4096x64]	262144	30	bf16	524288
blk.10.indexer.attn_q_b.weight	10	1	indexer	[1024x8192]	8388608	42	f8_e4m3_b128	8454144
blk.10.attn_kv_a_norm.weight	10	1	attention	[512]	512	0	f32	2048
blk.10.attn_q_a_norm.weight	10	1	attention	[1024]	1024	0	f32	4096
blk.10.attn_kv_latent.weight	10	1	attention	[4096x512]	2097152	42	f8_e4m3_b128	2113536
blk.10.attn_output_a.weight	10	1	attention	[4096x8192]	33554432	42	f8_e4m3_b128	33816576
blk.10.attn_output_b.weight	10	1	attention	[8192x4096]	33554432	42	f8_e4m3_b128	33816576
blk.10.attn_q_a.weight	10	1	attention	[4096x1024]	4194304	42	f8_e4m3_b128	4227072
blk.10.attn_q_b.weight	10	1	attention	[1024x32768]	33554432	42	f8_e4m3_b128	33816576
blk.10.attn_norm.weight	10	1	attention	[4096]	4096	0	f32	16384
blk.10.ffn_down_exps.weight	10	1	routed_expert	[2048x4096x256]	2147483648	39	mxfp4	1140850688
blk.10.ffn_gate_exps.weight	10	1	routed_expert	[4096x2048x256]	2147483648	39	mxfp4	1140850688
blk.10.ffn_up_exps.weight	10	1	routed_expert	[4096x2048x256]	2147483648	39	mxfp4	1140850688
blk.10.exp_probs_b	10	1	router	[256]	256	0	f32	1024
blk.10.ffn_gate_inp.weight	10	1	router	[4096x256]	1048576	0	f32	4194304
blk.10.ffn_gate_shexp.weight	10	1	shared_expert	[4096x2048]	8388608	42	f8_e4m3_b128	8454144
blk.10.ffn_down_shexp.weight	10	1	shared_expert	[2048x4096]	8388608	42	f8_e4m3_b128	8454144
blk.10.ffn_up_shexp.weight	10	1	shared_expert	[4096x2048]	8388608	42	f8_e4m3_b128	8454144
blk.10.ffn_norm.weight	10	1	control	[4096]	4096	0	f32	16384
blk.10.hc_attn_base	10	1	hc	[24]	24	0	f32	96
blk.10.hc_attn_fn	10	1	hc	[16384x24]	393216	0	f32	1572864
blk.10.hc_attn_scale	10	1	hc	[3]	3	0	f32	12
blk.10.hc_ffn_base	10	1	hc	[24]	24	0	f32	96
blk.10.hc_ffn_fn	10	1	hc	[16384x24]	393216	0	f32	1572864
blk.10.hc_ffn_scale	10	1	hc	[3]	3	0	f32	12
blk.11.attn_sinks	11	1	attention	[64]	64	0	f32	256
blk.11.attn_compress_ape	11	1	compressor	[512x128]	65536	0	f32	262144
blk.11.attn_compress_norm.weight	11	1	compressor	[512]	512	0	f32	2048
blk.11.attn_compress_gate.weight	11	1	compressor	[4096x512]	2097152	30	bf16	4194304
blk.11.attn_compress_kv.weight	11	1	compressor	[4096x512]	2097152	30	bf16	4194304
blk.11.attn_kv_a_norm.weight	11	1	attention	[512]	512	0	f32	2048
blk.11.attn_q_a_norm.weight	11	1	attention	[1024]	1024	0	f32	4096
blk.11.attn_kv_latent.weight	11	1	attention	[4096x512]	2097152	42	f8_e4m3_b128	2113536
blk.11.attn_output_a.weight	11	1	attention	[4096x8192]	33554432	42	f8_e4m3_b128	33816576
blk.11.attn_output_b.weight	11	1	attention	[8192x4096]	33554432	42	f8_e4m3_b128	33816576
blk.11.attn_q_a.weight	11	1	attention	[4096x1024]	4194304	42	f8_e4m3_b128	4227072
blk.11.attn_q_b.weight	11	1	attention	[1024x32768]	33554432	42	f8_e4m3_b128	33816576
blk.11.attn_norm.weight	11	1	attention	[4096]	4096	0	f32	16384
blk.11.ffn_down_exps.weight	11	1	routed_expert	[2048x4096x256]	2147483648	39	mxfp4	1140850688
blk.11.ffn_gate_exps.weight	11	1	routed_expert	[4096x2048x256]	2147483648	39	mxfp4	1140850688
blk.11.ffn_up_exps.weight	11	1	routed_expert	[4096x2048x256]	2147483648	39	mxfp4	1140850688
blk.11.exp_probs_b	11	1	router	[256]	256	0	f32	1024
blk.11.ffn_gate_inp.weight	11	1	router	[4096x256]	1048576	0	f32	4194304
blk.11.ffn_gate_shexp.weight	11	1	shared_expert	[4096x2048]	8388608	42	f8_e4m3_b128	8454144
blk.11.ffn_down_shexp.weight	11	1	shared_expert	[2048x4096]	8388608	42	f8_e4m3_b128	8454144
blk.11.ffn_up_shexp.weight	11	1	shared_expert	[4096x2048]	8388608	42	f8_e4m3_b128	8454144
blk.11.ffn_norm.weight	11	1	control	[4096]	4096	0	f32	16384
blk.11.hc_attn_base	11	1	hc	[24]	24	0	f32	96
blk.11.hc_attn_fn	11	1	hc	[16384x24]	393216	0	f32	1572864
blk.11.hc_attn_scale	11	1	hc	[3]	3	0	f32	12
blk.11.hc_ffn_base	11	1	hc	[24]	24	0	f32	96
blk.11.hc_ffn_fn	11	1	hc	[16384x24]	393216	0	f32	1572864
blk.11.hc_ffn_scale	11	1	hc	[3]	3	0	f32	12
blk.12.attn_sinks	12	2	attention	[64]	64	0	f32	256
blk.12.attn_compress_ape	12	2	compressor	[1024x4]	4096	0	f32	16384
blk.12.attn_compress_norm.weight	12	2	compressor	[512]	512	0	f32	2048
blk.12.attn_compress_gate.weight	12	2	compressor	[4096x1024]	4194304	30	bf16	8388608
blk.12.attn_compress_kv.weight	12	2	compressor	[4096x1024]	4194304	30	bf16	8388608
blk.12.indexer.compress_ape	12	2	indexer	[256x4]	1024	0	f32	4096
blk.12.indexer.compress_norm.weight	12	2	indexer	[128]	128	0	f32	512
blk.12.indexer.compress_gate.weight	12	2	indexer	[4096x256]	1048576	30	bf16	2097152
blk.12.indexer.compress_kv.weight	12	2	indexer	[4096x256]	1048576	30	bf16	2097152
blk.12.indexer.proj.weight	12	2	indexer	[4096x64]	262144	30	bf16	524288
blk.12.indexer.attn_q_b.weight	12	2	indexer	[1024x8192]	8388608	42	f8_e4m3_b128	8454144
blk.12.attn_kv_a_norm.weight	12	2	attention	[512]	512	0	f32	2048
blk.12.attn_q_a_norm.weight	12	2	attention	[1024]	1024	0	f32	4096
blk.12.attn_kv_latent.weight	12	2	attention	[4096x512]	2097152	42	f8_e4m3_b128	2113536
blk.12.attn_output_a.weight	12	2	attention	[4096x8192]	33554432	42	f8_e4m3_b128	33816576
blk.12.attn_output_b.weight	12	2	attention	[8192x4096]	33554432	42	f8_e4m3_b128	33816576
blk.12.attn_q_a.weight	12	2	attention	[4096x1024]	4194304	42	f8_e4m3_b128	4227072
blk.12.attn_q_b.weight	12	2	attention	[1024x32768]	33554432	42	f8_e4m3_b128	33816576
blk.12.attn_norm.weight	12	2	attention	[4096]	4096	0	f32	16384
blk.12.ffn_down_exps.weight	12	2	routed_expert	[2048x4096x256]	2147483648	39	mxfp4	1140850688
blk.12.ffn_gate_exps.weight	12	2	routed_expert	[4096x2048x256]	2147483648	39	mxfp4	1140850688
blk.12.ffn_up_exps.weight	12	2	routed_expert	[4096x2048x256]	2147483648	39	mxfp4	1140850688
blk.12.exp_probs_b	12	2	router	[256]	256	0	f32	1024
blk.12.ffn_gate_inp.weight	12	2	router	[4096x256]	1048576	0	f32	4194304
blk.12.ffn_gate_shexp.weight	12	2	shared_expert	[4096x2048]	8388608	42	f8_e4m3_b128	8454144
blk.12.ffn_down_shexp.weight	12	2	shared_expert	[2048x4096]	8388608	42	f8_e4m3_b128	8454144
blk.12.ffn_up_shexp.weight	12	2	shared_expert	[4096x2048]	8388608	42	f8_e4m3_b128	8454144
blk.12.ffn_norm.weight	12	2	control	[4096]	4096	0	f32	16384
blk.12.hc_attn_base	12	2	hc	[24]	24	0	f32	96
blk.12.hc_attn_fn	12	2	hc	[16384x24]	393216	0	f32	1572864
blk.12.hc_attn_scale	12	2	hc	[3]	3	0	f32	12
blk.12.hc_ffn_base	12	2	hc	[24]	24	0	f32	96
blk.12.hc_ffn_fn	12	2	hc	[16384x24]	393216	0	f32	1572864
blk.12.hc_ffn_scale	12	2	hc	[3]	3	0	f32	12
blk.13.attn_sinks	13	2	attention	[64]	64	0	f32	256
blk.13.attn_compress_ape	13	2	compressor	[512x128]	65536	0	f32	262144
blk.13.attn_compress_norm.weight	13	2	compressor	[512]	512	0	f32	2048
blk.13.attn_compress_gate.weight	13	2	compressor	[4096x512]	2097152	30	bf16	4194304
blk.13.attn_compress_kv.weight	13	2	compressor	[4096x512]	2097152	30	bf16	4194304
blk.13.attn_kv_a_norm.weight	13	2	attention	[512]	512	0	f32	2048
blk.13.attn_q_a_norm.weight	13	2	attention	[1024]	1024	0	f32	4096
blk.13.attn_kv_latent.weight	13	2	attention	[4096x512]	2097152	42	f8_e4m3_b128	2113536
blk.13.attn_output_a.weight	13	2	attention	[4096x8192]	33554432	42	f8_e4m3_b128	33816576
blk.13.attn_output_b.weight	13	2	attention	[8192x4096]	33554432	42	f8_e4m3_b128	33816576
blk.13.attn_q_a.weight	13	2	attention	[4096x1024]	4194304	42	f8_e4m3_b128	4227072
blk.13.attn_q_b.weight	13	2	attention	[1024x32768]	33554432	42	f8_e4m3_b128	33816576
blk.13.attn_norm.weight	13	2	attention	[4096]	4096	0	f32	16384
blk.13.ffn_down_exps.weight	13	2	routed_expert	[2048x4096x256]	2147483648	39	mxfp4	1140850688
blk.13.ffn_gate_exps.weight	13	2	routed_expert	[4096x2048x256]	2147483648	39	mxfp4	1140850688
blk.13.ffn_up_exps.weight	13	2	routed_expert	[4096x2048x256]	2147483648	39	mxfp4	1140850688
blk.13.exp_probs_b	13	2	router	[256]	256	0	f32	1024
blk.13.ffn_gate_inp.weight	13	2	router	[4096x256]	1048576	0	f32	4194304
blk.13.ffn_gate_shexp.weight	13	2	shared_expert	[4096x2048]	8388608	42	f8_e4m3_b128	8454144
blk.13.ffn_down_shexp.weight	13	2	shared_expert	[2048x4096]	8388608	42	f8_e4m3_b128	8454144
blk.13.ffn_up_shexp.weight	13	2	shared_expert	[4096x2048]	8388608	42	f8_e4m3_b128	8454144
blk.13.ffn_norm.weight	13	2	control	[4096]	4096	0	f32	16384
blk.13.hc_attn_base	13	2	hc	[24]	24	0	f32	96
blk.13.hc_attn_fn	13	2	hc	[16384x24]	393216	0	f32	1572864
blk.13.hc_attn_scale	13	2	hc	[3]	3	0	f32	12
blk.13.hc_ffn_base	13	2	hc	[24]	24	0	f32	96
blk.13.hc_ffn_fn	13	2	hc	[16384x24]	393216	0	f32	1572864
blk.13.hc_ffn_scale	13	2	hc	[3]	3	0	f32	12
blk.14.attn_sinks	14	2	attention	[64]	64	0	f32	256
blk.14.attn_compress_ape	14	2	compressor	[1024x4]	4096	0	f32	16384
blk.14.attn_compress_norm.weight	14	2	compressor	[512]	512	0	f32	2048
blk.14.attn_compress_gate.weight	14	2	compressor	[4096x1024]	4194304	30	bf16	8388608
blk.14.attn_compress_kv.weight	14	2	compressor	[4096x1024]	4194304	30	bf16	8388608
blk.14.indexer.compress_ape	14	2	indexer	[256x4]	1024	0	f32	4096
blk.14.indexer.compress_norm.weight	14	2	indexer	[128]	128	0	f32	512
blk.14.indexer.compress_gate.weight	14	2	indexer	[4096x256]	1048576	30	bf16	2097152
blk.14.indexer.compress_kv.weight	14	2	indexer	[4096x256]	1048576	30	bf16	2097152
blk.14.indexer.proj.weight	14	2	indexer	[4096x64]	262144	30	bf16	524288
blk.14.indexer.attn_q_b.weight	14	2	indexer	[1024x8192]	8388608	42	f8_e4m3_b128	8454144
blk.14.attn_kv_a_norm.weight	14	2	attention	[512]	512	0	f32	2048
blk.14.attn_q_a_norm.weight	14	2	attention	[1024]	1024	0	f32	4096
blk.14.attn_kv_latent.weight	14	2	attention	[4096x512]	2097152	42	f8_e4m3_b128	2113536
blk.14.attn_output_a.weight	14	2	attention	[4096x8192]	33554432	42	f8_e4m3_b128	33816576
blk.14.attn_output_b.weight	14	2	attention	[8192x4096]	33554432	42	f8_e4m3_b128	33816576
blk.14.attn_q_a.weight	14	2	attention	[4096x1024]	4194304	42	f8_e4m3_b128	4227072
blk.14.attn_q_b.weight	14	2	attention	[1024x32768]	33554432	42	f8_e4m3_b128	33816576
blk.14.attn_norm.weight	14	2	attention	[4096]	4096	0	f32	16384
blk.14.ffn_down_exps.weight	14	2	routed_expert	[2048x4096x256]	2147483648	39	mxfp4	1140850688
blk.14.ffn_gate_exps.weight	14	2	routed_expert	[4096x2048x256]	2147483648	39	mxfp4	1140850688
blk.14.ffn_up_exps.weight	14	2	routed_expert	[4096x2048x256]	2147483648	39	mxfp4	1140850688
blk.14.exp_probs_b	14	2	router	[256]	256	0	f32	1024
blk.14.ffn_gate_inp.weight	14	2	router	[4096x256]	1048576	0	f32	4194304
blk.14.ffn_gate_shexp.weight	14	2	shared_expert	[4096x2048]	8388608	42	f8_e4m3_b128	8454144
blk.14.ffn_down_shexp.weight	14	2	shared_expert	[2048x4096]	8388608	42	f8_e4m3_b128	8454144
blk.14.ffn_up_shexp.weight	14	2	shared_expert	[4096x2048]	8388608	42	f8_e4m3_b128	8454144
blk.14.ffn_norm.weight	14	2	control	[4096]	4096	0	f32	16384
blk.14.hc_attn_base	14	2	hc	[24]	24	0	f32	96
blk.14.hc_attn_fn	14	2	hc	[16384x24]	393216	0	f32	1572864
blk.14.hc_attn_scale	14	2	hc	[3]	3	0	f32	12
blk.14.hc_ffn_base	14	2	hc	[24]	24	0	f32	96
blk.14.hc_ffn_fn	14	2	hc	[16384x24]	393216	0	f32	1572864
blk.14.hc_ffn_scale	14	2	hc	[3]	3	0	f32	12
blk.15.attn_sinks	15	2	attention	[64]	64	0	f32	256
blk.15.attn_compress_ape	15	2	compressor	[512x128]	65536	0	f32	262144
blk.15.attn_compress_norm.weight	15	2	compressor	[512]	512	0	f32	2048
blk.15.attn_compress_gate.weight	15	2	compressor	[4096x512]	2097152	30	bf16	4194304
blk.15.attn_compress_kv.weight	15	2	compressor	[4096x512]	2097152	30	bf16	4194304
blk.15.attn_kv_a_norm.weight	15	2	attention	[512]	512	0	f32	2048
blk.15.attn_q_a_norm.weight	15	2	attention	[1024]	1024	0	f32	4096
blk.15.attn_kv_latent.weight	15	2	attention	[4096x512]	2097152	42	f8_e4m3_b128	2113536
blk.15.attn_output_a.weight	15	2	attention	[4096x8192]	33554432	42	f8_e4m3_b128	33816576
blk.15.attn_output_b.weight	15	2	attention	[8192x4096]	33554432	42	f8_e4m3_b128	33816576
blk.15.attn_q_a.weight	15	2	attention	[4096x1024]	4194304	42	f8_e4m3_b128	4227072
blk.15.attn_q_b.weight	15	2	attention	[1024x32768]	33554432	42	f8_e4m3_b128	33816576
blk.15.attn_norm.weight	15	2	attention	[4096]	4096	0	f32	16384
blk.15.ffn_down_exps.weight	15	2	routed_expert	[2048x4096x256]	2147483648	39	mxfp4	1140850688
blk.15.ffn_gate_exps.weight	15	2	routed_expert	[4096x2048x256]	2147483648	39	mxfp4	1140850688
blk.15.ffn_up_exps.weight	15	2	routed_expert	[4096x2048x256]	2147483648	39	mxfp4	1140850688
blk.15.exp_probs_b	15	2	router	[256]	256	0	f32	1024
blk.15.ffn_gate_inp.weight	15	2	router	[4096x256]	1048576	0	f32	4194304
blk.15.ffn_gate_shexp.weight	15	2	shared_expert	[4096x2048]	8388608	42	f8_e4m3_b128	8454144
blk.15.ffn_down_shexp.weight	15	2	shared_expert	[2048x4096]	8388608	42	f8_e4m3_b128	8454144
blk.15.ffn_up_shexp.weight	15	2	shared_expert	[4096x2048]	8388608	42	f8_e4m3_b128	8454144
blk.15.ffn_norm.weight	15	2	control	[4096]	4096	0	f32	16384
blk.15.hc_attn_base	15	2	hc	[24]	24	0	f32	96
blk.15.hc_attn_fn	15	2	hc	[16384x24]	393216	0	f32	1572864
blk.15.hc_attn_scale	15	2	hc	[3]	3	0	f32	12
blk.15.hc_ffn_base	15	2	hc	[24]	24	0	f32	96
blk.15.hc_ffn_fn	15	2	hc	[16384x24]	393216	0	f32	1572864
blk.15.hc_ffn_scale	15	2	hc	[3]	3	0	f32	12
blk.16.attn_sinks	16	2	attention	[64]	64	0	f32	256
blk.16.attn_compress_ape	16	2	compressor	[1024x4]	4096	0	f32	16384
blk.16.attn_compress_norm.weight	16	2	compressor	[512]	512	0	f32	2048
blk.16.attn_compress_gate.weight	16	2	compressor	[4096x1024]	4194304	30	bf16	8388608
blk.16.attn_compress_kv.weight	16	2	compressor	[4096x1024]	4194304	30	bf16	8388608
blk.16.indexer.compress_ape	16	2	indexer	[256x4]	1024	0	f32	4096
blk.16.indexer.compress_norm.weight	16	2	indexer	[128]	128	0	f32	512
blk.16.indexer.compress_gate.weight	16	2	indexer	[4096x256]	1048576	30	bf16	2097152
blk.16.indexer.compress_kv.weight	16	2	indexer	[4096x256]	1048576	30	bf16	2097152
blk.16.indexer.proj.weight	16	2	indexer	[4096x64]	262144	30	bf16	524288
blk.16.indexer.attn_q_b.weight	16	2	indexer	[1024x8192]	8388608	42	f8_e4m3_b128	8454144
blk.16.attn_kv_a_norm.weight	16	2	attention	[512]	512	0	f32	2048
blk.16.attn_q_a_norm.weight	16	2	attention	[1024]	1024	0	f32	4096
blk.16.attn_kv_latent.weight	16	2	attention	[4096x512]	2097152	42	f8_e4m3_b128	2113536
blk.16.attn_output_a.weight	16	2	attention	[4096x8192]	33554432	42	f8_e4m3_b128	33816576
blk.16.attn_output_b.weight	16	2	attention	[8192x4096]	33554432	42	f8_e4m3_b128	33816576
blk.16.attn_q_a.weight	16	2	attention	[4096x1024]	4194304	42	f8_e4m3_b128	4227072
blk.16.attn_q_b.weight	16	2	attention	[1024x32768]	33554432	42	f8_e4m3_b128	33816576
blk.16.attn_norm.weight	16	2	attention	[4096]	4096	0	f32	16384
blk.16.ffn_down_exps.weight	16	2	routed_expert	[2048x4096x256]	2147483648	39	mxfp4	1140850688
blk.16.ffn_gate_exps.weight	16	2	routed_expert	[4096x2048x256]	2147483648	39	mxfp4	1140850688
blk.16.ffn_up_exps.weight	16	2	routed_expert	[4096x2048x256]	2147483648	39	mxfp4	1140850688
blk.16.exp_probs_b	16	2	router	[256]	256	0	f32	1024
blk.16.ffn_gate_inp.weight	16	2	router	[4096x256]	1048576	0	f32	4194304
blk.16.ffn_gate_shexp.weight	16	2	shared_expert	[4096x2048]	8388608	42	f8_e4m3_b128	8454144
blk.16.ffn_down_shexp.weight	16	2	shared_expert	[2048x4096]	8388608	42	f8_e4m3_b128	8454144
blk.16.ffn_up_shexp.weight	16	2	shared_expert	[4096x2048]	8388608	42	f8_e4m3_b128	8454144
blk.16.ffn_norm.weight	16	2	control	[4096]	4096	0	f32	16384
blk.16.hc_attn_base	16	2	hc	[24]	24	0	f32	96
blk.16.hc_attn_fn	16	2	hc	[16384x24]	393216	0	f32	1572864
blk.16.hc_attn_scale	16	2	hc	[3]	3	0	f32	12
blk.16.hc_ffn_base	16	2	hc	[24]	24	0	f32	96
blk.16.hc_ffn_fn	16	2	hc	[16384x24]	393216	0	f32	1572864
blk.16.hc_ffn_scale	16	2	hc	[3]	3	0	f32	12
blk.17.attn_sinks	17	2	attention	[64]	64	0	f32	256
blk.17.attn_compress_ape	17	2	compressor	[512x128]	65536	0	f32	262144
blk.17.attn_compress_norm.weight	17	2	compressor	[512]	512	0	f32	2048
blk.17.attn_compress_gate.weight	17	2	compressor	[4096x512]	2097152	30	bf16	4194304
blk.17.attn_compress_kv.weight	17	2	compressor	[4096x512]	2097152	30	bf16	4194304
blk.17.attn_kv_a_norm.weight	17	2	attention	[512]	512	0	f32	2048
blk.17.attn_q_a_norm.weight	17	2	attention	[1024]	1024	0	f32	4096
blk.17.attn_kv_latent.weight	17	2	attention	[4096x512]	2097152	42	f8_e4m3_b128	2113536
blk.17.attn_output_a.weight	17	2	attention	[4096x8192]	33554432	42	f8_e4m3_b128	33816576
blk.17.attn_output_b.weight	17	2	attention	[8192x4096]	33554432	42	f8_e4m3_b128	33816576
blk.17.attn_q_a.weight	17	2	attention	[4096x1024]	4194304	42	f8_e4m3_b128	4227072
blk.17.attn_q_b.weight	17	2	attention	[1024x32768]	33554432	42	f8_e4m3_b128	33816576
blk.17.attn_norm.weight	17	2	attention	[4096]	4096	0	f32	16384
blk.17.ffn_down_exps.weight	17	2	routed_expert	[2048x4096x256]	2147483648	39	mxfp4	1140850688
blk.17.ffn_gate_exps.weight	17	2	routed_expert	[4096x2048x256]	2147483648	39	mxfp4	1140850688
blk.17.ffn_up_exps.weight	17	2	routed_expert	[4096x2048x256]	2147483648	39	mxfp4	1140850688
blk.17.exp_probs_b	17	2	router	[256]	256	0	f32	1024
blk.17.ffn_gate_inp.weight	17	2	router	[4096x256]	1048576	0	f32	4194304
blk.17.ffn_gate_shexp.weight	17	2	shared_expert	[4096x2048]	8388608	42	f8_e4m3_b128	8454144
blk.17.ffn_down_shexp.weight	17	2	shared_expert	[2048x4096]	8388608	42	f8_e4m3_b128	8454144
blk.17.ffn_up_shexp.weight	17	2	shared_expert	[4096x2048]	8388608	42	f8_e4m3_b128	8454144
blk.17.ffn_norm.weight	17	2	control	[4096]	4096	0	f32	16384
blk.17.hc_attn_base	17	2	hc	[24]	24	0	f32	96
blk.17.hc_attn_fn	17	2	hc	[16384x24]	393216	0	f32	1572864
blk.17.hc_attn_scale	17	2	hc	[3]	3	0	f32	12
blk.17.hc_ffn_base	17	2	hc	[24]	24	0	f32	96
blk.17.hc_ffn_fn	17	2	hc	[16384x24]	393216	0	f32	1572864
blk.17.hc_ffn_scale	17	2	hc	[3]	3	0	f32	12
blk.18.attn_sinks	18	3	attention	[64]	64	0	f32	256
blk.18.attn_compress_ape	18	3	compressor	[1024x4]	4096	0	f32	16384
blk.18.attn_compress_norm.weight	18	3	compressor	[512]	512	0	f32	2048
blk.18.attn_compress_gate.weight	18	3	compressor	[4096x1024]	4194304	30	bf16	8388608
blk.18.attn_compress_kv.weight	18	3	compressor	[4096x1024]	4194304	30	bf16	8388608
blk.18.indexer.compress_ape	18	3	indexer	[256x4]	1024	0	f32	4096
blk.18.indexer.compress_norm.weight	18	3	indexer	[128]	128	0	f32	512
blk.18.indexer.compress_gate.weight	18	3	indexer	[4096x256]	1048576	30	bf16	2097152
blk.18.indexer.compress_kv.weight	18	3	indexer	[4096x256]	1048576	30	bf16	2097152
blk.18.indexer.proj.weight	18	3	indexer	[4096x64]	262144	30	bf16	524288
blk.18.indexer.attn_q_b.weight	18	3	indexer	[1024x8192]	8388608	42	f8_e4m3_b128	8454144
blk.18.attn_kv_a_norm.weight	18	3	attention	[512]	512	0	f32	2048
blk.18.attn_q_a_norm.weight	18	3	attention	[1024]	1024	0	f32	4096
blk.18.attn_kv_latent.weight	18	3	attention	[4096x512]	2097152	42	f8_e4m3_b128	2113536
blk.18.attn_output_a.weight	18	3	attention	[4096x8192]	33554432	42	f8_e4m3_b128	33816576
blk.18.attn_output_b.weight	18	3	attention	[8192x4096]	33554432	42	f8_e4m3_b128	33816576
blk.18.attn_q_a.weight	18	3	attention	[4096x1024]	4194304	42	f8_e4m3_b128	4227072
blk.18.attn_q_b.weight	18	3	attention	[1024x32768]	33554432	42	f8_e4m3_b128	33816576
blk.18.attn_norm.weight	18	3	attention	[4096]	4096	0	f32	16384
blk.18.ffn_down_exps.weight	18	3	routed_expert	[2048x4096x256]	2147483648	39	mxfp4	1140850688
blk.18.ffn_gate_exps.weight	18	3	routed_expert	[4096x2048x256]	2147483648	39	mxfp4	1140850688
blk.18.ffn_up_exps.weight	18	3	routed_expert	[4096x2048x256]	2147483648	39	mxfp4	1140850688
blk.18.exp_probs_b	18	3	router	[256]	256	0	f32	1024
blk.18.ffn_gate_inp.weight	18	3	router	[4096x256]	1048576	0	f32	4194304
blk.18.ffn_gate_shexp.weight	18	3	shared_expert	[4096x2048]	8388608	42	f8_e4m3_b128	8454144
blk.18.ffn_down_shexp.weight	18	3	shared_expert	[2048x4096]	8388608	42	f8_e4m3_b128	8454144
blk.18.ffn_up_shexp.weight	18	3	shared_expert	[4096x2048]	8388608	42	f8_e4m3_b128	8454144
blk.18.ffn_norm.weight	18	3	control	[4096]	4096	0	f32	16384
blk.18.hc_attn_base	18	3	hc	[24]	24	0	f32	96
blk.18.hc_attn_fn	18	3	hc	[16384x24]	393216	0	f32	1572864
blk.18.hc_attn_scale	18	3	hc	[3]	3	0	f32	12
blk.18.hc_ffn_base	18	3	hc	[24]	24	0	f32	96
blk.18.hc_ffn_fn	18	3	hc	[16384x24]	393216	0	f32	1572864
blk.18.hc_ffn_scale	18	3	hc	[3]	3	0	f32	12
blk.19.attn_sinks	19	3	attention	[64]	64	0	f32	256
blk.19.attn_compress_ape	19	3	compressor	[512x128]	65536	0	f32	262144
blk.19.attn_compress_norm.weight	19	3	compressor	[512]	512	0	f32	2048
blk.19.attn_compress_gate.weight	19	3	compressor	[4096x512]	2097152	30	bf16	4194304
blk.19.attn_compress_kv.weight	19	3	compressor	[4096x512]	2097152	30	bf16	4194304
blk.19.attn_kv_a_norm.weight	19	3	attention	[512]	512	0	f32	2048
blk.19.attn_q_a_norm.weight	19	3	attention	[1024]	1024	0	f32	4096
blk.19.attn_kv_latent.weight	19	3	attention	[4096x512]	2097152	42	f8_e4m3_b128	2113536
blk.19.attn_output_a.weight	19	3	attention	[4096x8192]	33554432	42	f8_e4m3_b128	33816576
blk.19.attn_output_b.weight	19	3	attention	[8192x4096]	33554432	42	f8_e4m3_b128	33816576
blk.19.attn_q_a.weight	19	3	attention	[4096x1024]	4194304	42	f8_e4m3_b128	4227072
blk.19.attn_q_b.weight	19	3	attention	[1024x32768]	33554432	42	f8_e4m3_b128	33816576
blk.19.attn_norm.weight	19	3	attention	[4096]	4096	0	f32	16384
blk.19.ffn_down_exps.weight	19	3	routed_expert	[2048x4096x256]	2147483648	39	mxfp4	1140850688
blk.19.ffn_gate_exps.weight	19	3	routed_expert	[4096x2048x256]	2147483648	39	mxfp4	1140850688
blk.19.ffn_up_exps.weight	19	3	routed_expert	[4096x2048x256]	2147483648	39	mxfp4	1140850688
blk.19.exp_probs_b	19	3	router	[256]	256	0	f32	1024
blk.19.ffn_gate_inp.weight	19	3	router	[4096x256]	1048576	0	f32	4194304
blk.19.ffn_gate_shexp.weight	19	3	shared_expert	[4096x2048]	8388608	42	f8_e4m3_b128	8454144
blk.19.ffn_down_shexp.weight	19	3	shared_expert	[2048x4096]	8388608	42	f8_e4m3_b128	8454144
blk.19.ffn_up_shexp.weight	19	3	shared_expert	[4096x2048]	8388608	42	f8_e4m3_b128	8454144
blk.19.ffn_norm.weight	19	3	control	[4096]	4096	0	f32	16384
blk.19.hc_attn_base	19	3	hc	[24]	24	0	f32	96
blk.19.hc_attn_fn	19	3	hc	[16384x24]	393216	0	f32	1572864
blk.19.hc_attn_scale	19	3	hc	[3]	3	0	f32	12
blk.19.hc_ffn_base	19	3	hc	[24]	24	0	f32	96
blk.19.hc_ffn_fn	19	3	hc	[16384x24]	393216	0	f32	1572864
blk.19.hc_ffn_scale	19	3	hc	[3]	3	0	f32	12
blk.20.attn_sinks	20	3	attention	[64]	64	0	f32	256
blk.20.attn_compress_ape	20	3	compressor	[1024x4]	4096	0	f32	16384
blk.20.attn_compress_norm.weight	20	3	compressor	[512]	512	0	f32	2048
blk.20.attn_compress_gate.weight	20	3	compressor	[4096x1024]	4194304	30	bf16	8388608
blk.20.attn_compress_kv.weight	20	3	compressor	[4096x1024]	4194304	30	bf16	8388608
blk.20.indexer.compress_ape	20	3	indexer	[256x4]	1024	0	f32	4096
blk.20.indexer.compress_norm.weight	20	3	indexer	[128]	128	0	f32	512
blk.20.indexer.compress_gate.weight	20	3	indexer	[4096x256]	1048576	30	bf16	2097152
blk.20.indexer.compress_kv.weight	20	3	indexer	[4096x256]	1048576	30	bf16	2097152
blk.20.indexer.proj.weight	20	3	indexer	[4096x64]	262144	30	bf16	524288
blk.20.indexer.attn_q_b.weight	20	3	indexer	[1024x8192]	8388608	42	f8_e4m3_b128	8454144
blk.20.attn_kv_a_norm.weight	20	3	attention	[512]	512	0	f32	2048
blk.20.attn_q_a_norm.weight	20	3	attention	[1024]	1024	0	f32	4096
blk.20.attn_kv_latent.weight	20	3	attention	[4096x512]	2097152	42	f8_e4m3_b128	2113536
blk.20.attn_output_a.weight	20	3	attention	[4096x8192]	33554432	42	f8_e4m3_b128	33816576
blk.20.attn_output_b.weight	20	3	attention	[8192x4096]	33554432	42	f8_e4m3_b128	33816576
blk.20.attn_q_a.weight	20	3	attention	[4096x1024]	4194304	42	f8_e4m3_b128	4227072
blk.20.attn_q_b.weight	20	3	attention	[1024x32768]	33554432	42	f8_e4m3_b128	33816576
blk.20.attn_norm.weight	20	3	attention	[4096]	4096	0	f32	16384
blk.20.ffn_down_exps.weight	20	3	routed_expert	[2048x4096x256]	2147483648	39	mxfp4	1140850688
blk.20.ffn_gate_exps.weight	20	3	routed_expert	[4096x2048x256]	2147483648	39	mxfp4	1140850688
blk.20.ffn_up_exps.weight	20	3	routed_expert	[4096x2048x256]	2147483648	39	mxfp4	1140850688
blk.20.exp_probs_b	20	3	router	[256]	256	0	f32	1024
blk.20.ffn_gate_inp.weight	20	3	router	[4096x256]	1048576	0	f32	4194304
blk.20.ffn_gate_shexp.weight	20	3	shared_expert	[4096x2048]	8388608	42	f8_e4m3_b128	8454144
blk.20.ffn_down_shexp.weight	20	3	shared_expert	[2048x4096]	8388608	42	f8_e4m3_b128	8454144
blk.20.ffn_up_shexp.weight	20	3	shared_expert	[4096x2048]	8388608	42	f8_e4m3_b128	8454144
blk.20.ffn_norm.weight	20	3	control	[4096]	4096	0	f32	16384
blk.20.hc_attn_base	20	3	hc	[24]	24	0	f32	96
blk.20.hc_attn_fn	20	3	hc	[16384x24]	393216	0	f32	1572864
blk.20.hc_attn_scale	20	3	hc	[3]	3	0	f32	12
blk.20.hc_ffn_base	20	3	hc	[24]	24	0	f32	96
blk.20.hc_ffn_fn	20	3	hc	[16384x24]	393216	0	f32	1572864
blk.20.hc_ffn_scale	20	3	hc	[3]	3	0	f32	12
blk.21.attn_sinks	21	3	attention	[64]	64	0	f32	256
blk.21.attn_compress_ape	21	3	compressor	[512x128]	65536	0	f32	262144
blk.21.attn_compress_norm.weight	21	3	compressor	[512]	512	0	f32	2048
blk.21.attn_compress_gate.weight	21	3	compressor	[4096x512]	2097152	30	bf16	4194304
blk.21.attn_compress_kv.weight	21	3	compressor	[4096x512]	2097152	30	bf16	4194304
blk.21.attn_kv_a_norm.weight	21	3	attention	[512]	512	0	f32	2048
blk.21.attn_q_a_norm.weight	21	3	attention	[1024]	1024	0	f32	4096
blk.21.attn_kv_latent.weight	21	3	attention	[4096x512]	2097152	42	f8_e4m3_b128	2113536
blk.21.attn_output_a.weight	21	3	attention	[4096x8192]	33554432	42	f8_e4m3_b128	33816576
blk.21.attn_output_b.weight	21	3	attention	[8192x4096]	33554432	42	f8_e4m3_b128	33816576
blk.21.attn_q_a.weight	21	3	attention	[4096x1024]	4194304	42	f8_e4m3_b128	4227072
blk.21.attn_q_b.weight	21	3	attention	[1024x32768]	33554432	42	f8_e4m3_b128	33816576
blk.21.attn_norm.weight	21	3	attention	[4096]	4096	0	f32	16384
blk.21.ffn_down_exps.weight	21	3	routed_expert	[2048x4096x256]	2147483648	39	mxfp4	1140850688
blk.21.ffn_gate_exps.weight	21	3	routed_expert	[4096x2048x256]	2147483648	39	mxfp4	1140850688
blk.21.ffn_up_exps.weight	21	3	routed_expert	[4096x2048x256]	2147483648	39	mxfp4	1140850688
blk.21.exp_probs_b	21	3	router	[256]	256	0	f32	1024
blk.21.ffn_gate_inp.weight	21	3	router	[4096x256]	1048576	0	f32	4194304
blk.21.ffn_gate_shexp.weight	21	3	shared_expert	[4096x2048]	8388608	42	f8_e4m3_b128	8454144
blk.21.ffn_down_shexp.weight	21	3	shared_expert	[2048x4096]	8388608	42	f8_e4m3_b128	8454144
blk.21.ffn_up_shexp.weight	21	3	shared_expert	[4096x2048]	8388608	42	f8_e4m3_b128	8454144
blk.21.ffn_norm.weight	21	3	control	[4096]	4096	0	f32	16384
blk.21.hc_attn_base	21	3	hc	[24]	24	0	f32	96
blk.21.hc_attn_fn	21	3	hc	[16384x24]	393216	0	f32	1572864
blk.21.hc_attn_scale	21	3	hc	[3]	3	0	f32	12
blk.21.hc_ffn_base	21	3	hc	[24]	24	0	f32	96
blk.21.hc_ffn_fn	21	3	hc	[16384x24]	393216	0	f32	1572864
blk.21.hc_ffn_scale	21	3	hc	[3]	3	0	f32	12
blk.22.attn_sinks	22	3	attention	[64]	64	0	f32	256
blk.22.attn_compress_ape	22	3	compressor	[1024x4]	4096	0	f32	16384
blk.22.attn_compress_norm.weight	22	3	compressor	[512]	512	0	f32	2048
blk.22.attn_compress_gate.weight	22	3	compressor	[4096x1024]	4194304	30	bf16	8388608
blk.22.attn_compress_kv.weight	22	3	compressor	[4096x1024]	4194304	30	bf16	8388608
blk.22.indexer.compress_ape	22	3	indexer	[256x4]	1024	0	f32	4096
blk.22.indexer.compress_norm.weight	22	3	indexer	[128]	128	0	f32	512
blk.22.indexer.compress_gate.weight	22	3	indexer	[4096x256]	1048576	30	bf16	2097152
blk.22.indexer.compress_kv.weight	22	3	indexer	[4096x256]	1048576	30	bf16	2097152
blk.22.indexer.proj.weight	22	3	indexer	[4096x64]	262144	30	bf16	524288
blk.22.indexer.attn_q_b.weight	22	3	indexer	[1024x8192]	8388608	42	f8_e4m3_b128	8454144
blk.22.attn_kv_a_norm.weight	22	3	attention	[512]	512	0	f32	2048
blk.22.attn_q_a_norm.weight	22	3	attention	[1024]	1024	0	f32	4096
blk.22.attn_kv_latent.weight	22	3	attention	[4096x512]	2097152	42	f8_e4m3_b128	2113536
blk.22.attn_output_a.weight	22	3	attention	[4096x8192]	33554432	42	f8_e4m3_b128	33816576
blk.22.attn_output_b.weight	22	3	attention	[8192x4096]	33554432	42	f8_e4m3_b128	33816576
blk.22.attn_q_a.weight	22	3	attention	[4096x1024]	4194304	42	f8_e4m3_b128	4227072
blk.22.attn_q_b.weight	22	3	attention	[1024x32768]	33554432	42	f8_e4m3_b128	33816576
blk.22.attn_norm.weight	22	3	attention	[4096]	4096	0	f32	16384
blk.22.ffn_down_exps.weight	22	3	routed_expert	[2048x4096x256]	2147483648	39	mxfp4	1140850688
blk.22.ffn_gate_exps.weight	22	3	routed_expert	[4096x2048x256]	2147483648	39	mxfp4	1140850688
blk.22.ffn_up_exps.weight	22	3	routed_expert	[4096x2048x256]	2147483648	39	mxfp4	1140850688
blk.22.exp_probs_b	22	3	router	[256]	256	0	f32	1024
blk.22.ffn_gate_inp.weight	22	3	router	[4096x256]	1048576	0	f32	4194304
blk.22.ffn_gate_shexp.weight	22	3	shared_expert	[4096x2048]	8388608	42	f8_e4m3_b128	8454144
blk.22.ffn_down_shexp.weight	22	3	shared_expert	[2048x4096]	8388608	42	f8_e4m3_b128	8454144
blk.22.ffn_up_shexp.weight	22	3	shared_expert	[4096x2048]	8388608	42	f8_e4m3_b128	8454144
blk.22.ffn_norm.weight	22	3	control	[4096]	4096	0	f32	16384
blk.22.hc_attn_base	22	3	hc	[24]	24	0	f32	96
blk.22.hc_attn_fn	22	3	hc	[16384x24]	393216	0	f32	1572864
blk.22.hc_attn_scale	22	3	hc	[3]	3	0	f32	12
blk.22.hc_ffn_base	22	3	hc	[24]	24	0	f32	96
blk.22.hc_ffn_fn	22	3	hc	[16384x24]	393216	0	f32	1572864
blk.22.hc_ffn_scale	22	3	hc	[3]	3	0	f32	12
blk.23.attn_sinks	23	3	attention	[64]	64	0	f32	256
blk.23.attn_compress_ape	23	3	compressor	[512x128]	65536	0	f32	262144
blk.23.attn_compress_norm.weight	23	3	compressor	[512]	512	0	f32	2048
blk.23.attn_compress_gate.weight	23	3	compressor	[4096x512]	2097152	30	bf16	4194304
blk.23.attn_compress_kv.weight	23	3	compressor	[4096x512]	2097152	30	bf16	4194304
blk.23.attn_kv_a_norm.weight	23	3	attention	[512]	512	0	f32	2048
blk.23.attn_q_a_norm.weight	23	3	attention	[1024]	1024	0	f32	4096
blk.23.attn_kv_latent.weight	23	3	attention	[4096x512]	2097152	42	f8_e4m3_b128	2113536
blk.23.attn_output_a.weight	23	3	attention	[4096x8192]	33554432	42	f8_e4m3_b128	33816576
blk.23.attn_output_b.weight	23	3	attention	[8192x4096]	33554432	42	f8_e4m3_b128	33816576
blk.23.attn_q_a.weight	23	3	attention	[4096x1024]	4194304	42	f8_e4m3_b128	4227072
blk.23.attn_q_b.weight	23	3	attention	[1024x32768]	33554432	42	f8_e4m3_b128	33816576
blk.23.attn_norm.weight	23	3	attention	[4096]	4096	0	f32	16384
blk.23.ffn_down_exps.weight	23	3	routed_expert	[2048x4096x256]	2147483648	39	mxfp4	1140850688
blk.23.ffn_gate_exps.weight	23	3	routed_expert	[4096x2048x256]	2147483648	39	mxfp4	1140850688
blk.23.ffn_up_exps.weight	23	3	routed_expert	[4096x2048x256]	2147483648	39	mxfp4	1140850688
blk.23.exp_probs_b	23	3	router	[256]	256	0	f32	1024
blk.23.ffn_gate_inp.weight	23	3	router	[4096x256]	1048576	0	f32	4194304
blk.23.ffn_gate_shexp.weight	23	3	shared_expert	[4096x2048]	8388608	42	f8_e4m3_b128	8454144
blk.23.ffn_down_shexp.weight	23	3	shared_expert	[2048x4096]	8388608	42	f8_e4m3_b128	8454144
blk.23.ffn_up_shexp.weight	23	3	shared_expert	[4096x2048]	8388608	42	f8_e4m3_b128	8454144
blk.23.ffn_norm.weight	23	3	control	[4096]	4096	0	f32	16384
blk.23.hc_attn_base	23	3	hc	[24]	24	0	f32	96
blk.23.hc_attn_fn	23	3	hc	[16384x24]	393216	0	f32	1572864
blk.23.hc_attn_scale	23	3	hc	[3]	3	0	f32	12
blk.23.hc_ffn_base	23	3	hc	[24]	24	0	f32	96
blk.23.hc_ffn_fn	23	3	hc	[16384x24]	393216	0	f32	1572864
blk.23.hc_ffn_scale	23	3	hc	[3]	3	0	f32	12
blk.24.attn_sinks	24	4	attention	[64]	64	0	f32	256
blk.24.attn_compress_ape	24	4	compressor	[1024x4]	4096	0	f32	16384
blk.24.attn_compress_norm.weight	24	4	compressor	[512]	512	0	f32	2048
blk.24.attn_compress_gate.weight	24	4	compressor	[4096x1024]	4194304	30	bf16	8388608
blk.24.attn_compress_kv.weight	24	4	compressor	[4096x1024]	4194304	30	bf16	8388608
blk.24.indexer.compress_ape	24	4	indexer	[256x4]	1024	0	f32	4096
blk.24.indexer.compress_norm.weight	24	4	indexer	[128]	128	0	f32	512
blk.24.indexer.compress_gate.weight	24	4	indexer	[4096x256]	1048576	30	bf16	2097152
blk.24.indexer.compress_kv.weight	24	4	indexer	[4096x256]	1048576	30	bf16	2097152
blk.24.indexer.proj.weight	24	4	indexer	[4096x64]	262144	30	bf16	524288
blk.24.indexer.attn_q_b.weight	24	4	indexer	[1024x8192]	8388608	42	f8_e4m3_b128	8454144
blk.24.attn_kv_a_norm.weight	24	4	attention	[512]	512	0	f32	2048
blk.24.attn_q_a_norm.weight	24	4	attention	[1024]	1024	0	f32	4096
blk.24.attn_kv_latent.weight	24	4	attention	[4096x512]	2097152	42	f8_e4m3_b128	2113536
blk.24.attn_output_a.weight	24	4	attention	[4096x8192]	33554432	42	f8_e4m3_b128	33816576
blk.24.attn_output_b.weight	24	4	attention	[8192x4096]	33554432	42	f8_e4m3_b128	33816576
blk.24.attn_q_a.weight	24	4	attention	[4096x1024]	4194304	42	f8_e4m3_b128	4227072
blk.24.attn_q_b.weight	24	4	attention	[1024x32768]	33554432	42	f8_e4m3_b128	33816576
blk.24.attn_norm.weight	24	4	attention	[4096]	4096	0	f32	16384
blk.24.ffn_down_exps.weight	24	4	routed_expert	[2048x4096x256]	2147483648	39	mxfp4	1140850688
blk.24.ffn_gate_exps.weight	24	4	routed_expert	[4096x2048x256]	2147483648	39	mxfp4	1140850688
blk.24.ffn_up_exps.weight	24	4	routed_expert	[4096x2048x256]	2147483648	39	mxfp4	1140850688
blk.24.exp_probs_b	24	4	router	[256]	256	0	f32	1024
blk.24.ffn_gate_inp.weight	24	4	router	[4096x256]	1048576	0	f32	4194304
blk.24.ffn_gate_shexp.weight	24	4	shared_expert	[4096x2048]	8388608	42	f8_e4m3_b128	8454144
blk.24.ffn_down_shexp.weight	24	4	shared_expert	[2048x4096]	8388608	42	f8_e4m3_b128	8454144
blk.24.ffn_up_shexp.weight	24	4	shared_expert	[4096x2048]	8388608	42	f8_e4m3_b128	8454144
blk.24.ffn_norm.weight	24	4	control	[4096]	4096	0	f32	16384
blk.24.hc_attn_base	24	4	hc	[24]	24	0	f32	96
blk.24.hc_attn_fn	24	4	hc	[16384x24]	393216	0	f32	1572864
blk.24.hc_attn_scale	24	4	hc	[3]	3	0	f32	12
blk.24.hc_ffn_base	24	4	hc	[24]	24	0	f32	96
blk.24.hc_ffn_fn	24	4	hc	[16384x24]	393216	0	f32	1572864
blk.24.hc_ffn_scale	24	4	hc	[3]	3	0	f32	12
blk.25.attn_sinks	25	4	attention	[64]	64	0	f32	256
blk.25.attn_compress_ape	25	4	compressor	[512x128]	65536	0	f32	262144
blk.25.attn_compress_norm.weight	25	4	compressor	[512]	512	0	f32	2048
blk.25.attn_compress_gate.weight	25	4	compressor	[4096x512]	2097152	30	bf16	4194304
blk.25.attn_compress_kv.weight	25	4	compressor	[4096x512]	2097152	30	bf16	4194304
blk.25.attn_kv_a_norm.weight	25	4	attention	[512]	512	0	f32	2048
blk.25.attn_q_a_norm.weight	25	4	attention	[1024]	1024	0	f32	4096
blk.25.attn_kv_latent.weight	25	4	attention	[4096x512]	2097152	42	f8_e4m3_b128	2113536
blk.25.attn_output_a.weight	25	4	attention	[4096x8192]	33554432	42	f8_e4m3_b128	33816576
blk.25.attn_output_b.weight	25	4	attention	[8192x4096]	33554432	42	f8_e4m3_b128	33816576
blk.25.attn_q_a.weight	25	4	attention	[4096x1024]	4194304	42	f8_e4m3_b128	4227072
blk.25.attn_q_b.weight	25	4	attention	[1024x32768]	33554432	42	f8_e4m3_b128	33816576
blk.25.attn_norm.weight	25	4	attention	[4096]	4096	0	f32	16384
blk.25.ffn_down_exps.weight	25	4	routed_expert	[2048x4096x256]	2147483648	39	mxfp4	1140850688
blk.25.ffn_gate_exps.weight	25	4	routed_expert	[4096x2048x256]	2147483648	39	mxfp4	1140850688
blk.25.ffn_up_exps.weight	25	4	routed_expert	[4096x2048x256]	2147483648	39	mxfp4	1140850688
blk.25.exp_probs_b	25	4	router	[256]	256	0	f32	1024
blk.25.ffn_gate_inp.weight	25	4	router	[4096x256]	1048576	0	f32	4194304
blk.25.ffn_gate_shexp.weight	25	4	shared_expert	[4096x2048]	8388608	42	f8_e4m3_b128	8454144
blk.25.ffn_down_shexp.weight	25	4	shared_expert	[2048x4096]	8388608	42	f8_e4m3_b128	8454144
blk.25.ffn_up_shexp.weight	25	4	shared_expert	[4096x2048]	8388608	42	f8_e4m3_b128	8454144
blk.25.ffn_norm.weight	25	4	control	[4096]	4096	0	f32	16384
blk.25.hc_attn_base	25	4	hc	[24]	24	0	f32	96
blk.25.hc_attn_fn	25	4	hc	[16384x24]	393216	0	f32	1572864
blk.25.hc_attn_scale	25	4	hc	[3]	3	0	f32	12
blk.25.hc_ffn_base	25	4	hc	[24]	24	0	f32	96
blk.25.hc_ffn_fn	25	4	hc	[16384x24]	393216	0	f32	1572864
blk.25.hc_ffn_scale	25	4	hc	[3]	3	0	f32	12
blk.26.attn_sinks	26	4	attention	[64]	64	0	f32	256
blk.26.attn_compress_ape	26	4	compressor	[1024x4]	4096	0	f32	16384
blk.26.attn_compress_norm.weight	26	4	compressor	[512]	512	0	f32	2048
blk.26.attn_compress_gate.weight	26	4	compressor	[4096x1024]	4194304	30	bf16	8388608
blk.26.attn_compress_kv.weight	26	4	compressor	[4096x1024]	4194304	30	bf16	8388608
blk.26.indexer.compress_ape	26	4	indexer	[256x4]	1024	0	f32	4096
blk.26.indexer.compress_norm.weight	26	4	indexer	[128]	128	0	f32	512
blk.26.indexer.compress_gate.weight	26	4	indexer	[4096x256]	1048576	30	bf16	2097152
blk.26.indexer.compress_kv.weight	26	4	indexer	[4096x256]	1048576	30	bf16	2097152
blk.26.indexer.proj.weight	26	4	indexer	[4096x64]	262144	30	bf16	524288
blk.26.indexer.attn_q_b.weight	26	4	indexer	[1024x8192]	8388608	42	f8_e4m3_b128	8454144
blk.26.attn_kv_a_norm.weight	26	4	attention	[512]	512	0	f32	2048
blk.26.attn_q_a_norm.weight	26	4	attention	[1024]	1024	0	f32	4096
blk.26.attn_kv_latent.weight	26	4	attention	[4096x512]	2097152	42	f8_e4m3_b128	2113536
blk.26.attn_output_a.weight	26	4	attention	[4096x8192]	33554432	42	f8_e4m3_b128	33816576
blk.26.attn_output_b.weight	26	4	attention	[8192x4096]	33554432	42	f8_e4m3_b128	33816576
blk.26.attn_q_a.weight	26	4	attention	[4096x1024]	4194304	42	f8_e4m3_b128	4227072
blk.26.attn_q_b.weight	26	4	attention	[1024x32768]	33554432	42	f8_e4m3_b128	33816576
blk.26.attn_norm.weight	26	4	attention	[4096]	4096	0	f32	16384
blk.26.ffn_down_exps.weight	26	4	routed_expert	[2048x4096x256]	2147483648	39	mxfp4	1140850688
blk.26.ffn_gate_exps.weight	26	4	routed_expert	[4096x2048x256]	2147483648	39	mxfp4	1140850688
blk.26.ffn_up_exps.weight	26	4	routed_expert	[4096x2048x256]	2147483648	39	mxfp4	1140850688
blk.26.exp_probs_b	26	4	router	[256]	256	0	f32	1024
blk.26.ffn_gate_inp.weight	26	4	router	[4096x256]	1048576	0	f32	4194304
blk.26.ffn_gate_shexp.weight	26	4	shared_expert	[4096x2048]	8388608	42	f8_e4m3_b128	8454144
blk.26.ffn_down_shexp.weight	26	4	shared_expert	[2048x4096]	8388608	42	f8_e4m3_b128	8454144
blk.26.ffn_up_shexp.weight	26	4	shared_expert	[4096x2048]	8388608	42	f8_e4m3_b128	8454144
blk.26.ffn_norm.weight	26	4	control	[4096]	4096	0	f32	16384
blk.26.hc_attn_base	26	4	hc	[24]	24	0	f32	96
blk.26.hc_attn_fn	26	4	hc	[16384x24]	393216	0	f32	1572864
blk.26.hc_attn_scale	26	4	hc	[3]	3	0	f32	12
blk.26.hc_ffn_base	26	4	hc	[24]	24	0	f32	96
blk.26.hc_ffn_fn	26	4	hc	[16384x24]	393216	0	f32	1572864
blk.26.hc_ffn_scale	26	4	hc	[3]	3	0	f32	12
blk.27.attn_sinks	27	4	attention	[64]	64	0	f32	256
blk.27.attn_compress_ape	27	4	compressor	[512x128]	65536	0	f32	262144
blk.27.attn_compress_norm.weight	27	4	compressor	[512]	512	0	f32	2048
blk.27.attn_compress_gate.weight	27	4	compressor	[4096x512]	2097152	30	bf16	4194304
blk.27.attn_compress_kv.weight	27	4	compressor	[4096x512]	2097152	30	bf16	4194304
blk.27.attn_kv_a_norm.weight	27	4	attention	[512]	512	0	f32	2048
blk.27.attn_q_a_norm.weight	27	4	attention	[1024]	1024	0	f32	4096
blk.27.attn_kv_latent.weight	27	4	attention	[4096x512]	2097152	42	f8_e4m3_b128	2113536
blk.27.attn_output_a.weight	27	4	attention	[4096x8192]	33554432	42	f8_e4m3_b128	33816576
blk.27.attn_output_b.weight	27	4	attention	[8192x4096]	33554432	42	f8_e4m3_b128	33816576
blk.27.attn_q_a.weight	27	4	attention	[4096x1024]	4194304	42	f8_e4m3_b128	4227072
blk.27.attn_q_b.weight	27	4	attention	[1024x32768]	33554432	42	f8_e4m3_b128	33816576
blk.27.attn_norm.weight	27	4	attention	[4096]	4096	0	f32	16384
blk.27.ffn_down_exps.weight	27	4	routed_expert	[2048x4096x256]	2147483648	39	mxfp4	1140850688
blk.27.ffn_gate_exps.weight	27	4	routed_expert	[4096x2048x256]	2147483648	39	mxfp4	1140850688
blk.27.ffn_up_exps.weight	27	4	routed_expert	[4096x2048x256]	2147483648	39	mxfp4	1140850688
blk.27.exp_probs_b	27	4	router	[256]	256	0	f32	1024
blk.27.ffn_gate_inp.weight	27	4	router	[4096x256]	1048576	0	f32	4194304
blk.27.ffn_gate_shexp.weight	27	4	shared_expert	[4096x2048]	8388608	42	f8_e4m3_b128	8454144
blk.27.ffn_down_shexp.weight	27	4	shared_expert	[2048x4096]	8388608	42	f8_e4m3_b128	8454144
blk.27.ffn_up_shexp.weight	27	4	shared_expert	[4096x2048]	8388608	42	f8_e4m3_b128	8454144
blk.27.ffn_norm.weight	27	4	control	[4096]	4096	0	f32	16384
blk.27.hc_attn_base	27	4	hc	[24]	24	0	f32	96
blk.27.hc_attn_fn	27	4	hc	[16384x24]	393216	0	f32	1572864
blk.27.hc_attn_scale	27	4	hc	[3]	3	0	f32	12
blk.27.hc_ffn_base	27	4	hc	[24]	24	0	f32	96
blk.27.hc_ffn_fn	27	4	hc	[16384x24]	393216	0	f32	1572864
blk.27.hc_ffn_scale	27	4	hc	[3]	3	0	f32	12
blk.28.attn_sinks	28	4	attention	[64]	64	0	f32	256
blk.28.attn_compress_ape	28	4	compressor	[1024x4]	4096	0	f32	16384
blk.28.attn_compress_norm.weight	28	4	compressor	[512]	512	0	f32	2048
blk.28.attn_compress_gate.weight	28	4	compressor	[4096x1024]	4194304	30	bf16	8388608
blk.28.attn_compress_kv.weight	28	4	compressor	[4096x1024]	4194304	30	bf16	8388608
blk.28.indexer.compress_ape	28	4	indexer	[256x4]	1024	0	f32	4096
blk.28.indexer.compress_norm.weight	28	4	indexer	[128]	128	0	f32	512
blk.28.indexer.compress_gate.weight	28	4	indexer	[4096x256]	1048576	30	bf16	2097152
blk.28.indexer.compress_kv.weight	28	4	indexer	[4096x256]	1048576	30	bf16	2097152
blk.28.indexer.proj.weight	28	4	indexer	[4096x64]	262144	30	bf16	524288
blk.28.indexer.attn_q_b.weight	28	4	indexer	[1024x8192]	8388608	42	f8_e4m3_b128	8454144
blk.28.attn_kv_a_norm.weight	28	4	attention	[512]	512	0	f32	2048
blk.28.attn_q_a_norm.weight	28	4	attention	[1024]	1024	0	f32	4096
blk.28.attn_kv_latent.weight	28	4	attention	[4096x512]	2097152	42	f8_e4m3_b128	2113536
blk.28.attn_output_a.weight	28	4	attention	[4096x8192]	33554432	42	f8_e4m3_b128	33816576
blk.28.attn_output_b.weight	28	4	attention	[8192x4096]	33554432	42	f8_e4m3_b128	33816576
blk.28.attn_q_a.weight	28	4	attention	[4096x1024]	4194304	42	f8_e4m3_b128	4227072
blk.28.attn_q_b.weight	28	4	attention	[1024x32768]	33554432	42	f8_e4m3_b128	33816576
blk.28.attn_norm.weight	28	4	attention	[4096]	4096	0	f32	16384
blk.28.ffn_down_exps.weight	28	4	routed_expert	[2048x4096x256]	2147483648	39	mxfp4	1140850688
blk.28.ffn_gate_exps.weight	28	4	routed_expert	[4096x2048x256]	2147483648	39	mxfp4	1140850688
blk.28.ffn_up_exps.weight	28	4	routed_expert	[4096x2048x256]	2147483648	39	mxfp4	1140850688
blk.28.exp_probs_b	28	4	router	[256]	256	0	f32	1024
blk.28.ffn_gate_inp.weight	28	4	router	[4096x256]	1048576	0	f32	4194304
blk.28.ffn_gate_shexp.weight	28	4	shared_expert	[4096x2048]	8388608	42	f8_e4m3_b128	8454144
blk.28.ffn_down_shexp.weight	28	4	shared_expert	[2048x4096]	8388608	42	f8_e4m3_b128	8454144
blk.28.ffn_up_shexp.weight	28	4	shared_expert	[4096x2048]	8388608	42	f8_e4m3_b128	8454144
blk.28.ffn_norm.weight	28	4	control	[4096]	4096	0	f32	16384
blk.28.hc_attn_base	28	4	hc	[24]	24	0	f32	96
blk.28.hc_attn_fn	28	4	hc	[16384x24]	393216	0	f32	1572864
blk.28.hc_attn_scale	28	4	hc	[3]	3	0	f32	12
blk.28.hc_ffn_base	28	4	hc	[24]	24	0	f32	96
blk.28.hc_ffn_fn	28	4	hc	[16384x24]	393216	0	f32	1572864
blk.28.hc_ffn_scale	28	4	hc	[3]	3	0	f32	12
blk.29.attn_sinks	29	4	attention	[64]	64	0	f32	256
blk.29.attn_compress_ape	29	4	compressor	[512x128]	65536	0	f32	262144
blk.29.attn_compress_norm.weight	29	4	compressor	[512]	512	0	f32	2048
blk.29.attn_compress_gate.weight	29	4	compressor	[4096x512]	2097152	30	bf16	4194304
blk.29.attn_compress_kv.weight	29	4	compressor	[4096x512]	2097152	30	bf16	4194304
blk.29.attn_kv_a_norm.weight	29	4	attention	[512]	512	0	f32	2048
blk.29.attn_q_a_norm.weight	29	4	attention	[1024]	1024	0	f32	4096
blk.29.attn_kv_latent.weight	29	4	attention	[4096x512]	2097152	42	f8_e4m3_b128	2113536
blk.29.attn_output_a.weight	29	4	attention	[4096x8192]	33554432	42	f8_e4m3_b128	33816576
blk.29.attn_output_b.weight	29	4	attention	[8192x4096]	33554432	42	f8_e4m3_b128	33816576
blk.29.attn_q_a.weight	29	4	attention	[4096x1024]	4194304	42	f8_e4m3_b128	4227072
blk.29.attn_q_b.weight	29	4	attention	[1024x32768]	33554432	42	f8_e4m3_b128	33816576
blk.29.attn_norm.weight	29	4	attention	[4096]	4096	0	f32	16384
blk.29.ffn_down_exps.weight	29	4	routed_expert	[2048x4096x256]	2147483648	39	mxfp4	1140850688
blk.29.ffn_gate_exps.weight	29	4	routed_expert	[4096x2048x256]	2147483648	39	mxfp4	1140850688
blk.29.ffn_up_exps.weight	29	4	routed_expert	[4096x2048x256]	2147483648	39	mxfp4	1140850688
blk.29.exp_probs_b	29	4	router	[256]	256	0	f32	1024
blk.29.ffn_gate_inp.weight	29	4	router	[4096x256]	1048576	0	f32	4194304
blk.29.ffn_gate_shexp.weight	29	4	shared_expert	[4096x2048]	8388608	42	f8_e4m3_b128	8454144
blk.29.ffn_down_shexp.weight	29	4	shared_expert	[2048x4096]	8388608	42	f8_e4m3_b128	8454144
blk.29.ffn_up_shexp.weight	29	4	shared_expert	[4096x2048]	8388608	42	f8_e4m3_b128	8454144
blk.29.ffn_norm.weight	29	4	control	[4096]	4096	0	f32	16384
blk.29.hc_attn_base	29	4	hc	[24]	24	0	f32	96
blk.29.hc_attn_fn	29	4	hc	[16384x24]	393216	0	f32	1572864
blk.29.hc_attn_scale	29	4	hc	[3]	3	0	f32	12
blk.29.hc_ffn_base	29	4	hc	[24]	24	0	f32	96
blk.29.hc_ffn_fn	29	4	hc	[16384x24]	393216	0	f32	1572864
blk.29.hc_ffn_scale	29	4	hc	[3]	3	0	f32	12
blk.30.attn_sinks	30	5	attention	[64]	64	0	f32	256
blk.30.attn_compress_ape	30	5	compressor	[1024x4]	4096	0	f32	16384
blk.30.attn_compress_norm.weight	30	5	compressor	[512]	512	0	f32	2048
blk.30.attn_compress_gate.weight	30	5	compressor	[4096x1024]	4194304	30	bf16	8388608
blk.30.attn_compress_kv.weight	30	5	compressor	[4096x1024]	4194304	30	bf16	8388608
blk.30.indexer.compress_ape	30	5	indexer	[256x4]	1024	0	f32	4096
blk.30.indexer.compress_norm.weight	30	5	indexer	[128]	128	0	f32	512
blk.30.indexer.compress_gate.weight	30	5	indexer	[4096x256]	1048576	30	bf16	2097152
blk.30.indexer.compress_kv.weight	30	5	indexer	[4096x256]	1048576	30	bf16	2097152
blk.30.indexer.proj.weight	30	5	indexer	[4096x64]	262144	30	bf16	524288
blk.30.indexer.attn_q_b.weight	30	5	indexer	[1024x8192]	8388608	42	f8_e4m3_b128	8454144
blk.30.attn_kv_a_norm.weight	30	5	attention	[512]	512	0	f32	2048
blk.30.attn_q_a_norm.weight	30	5	attention	[1024]	1024	0	f32	4096
blk.30.attn_kv_latent.weight	30	5	attention	[4096x512]	2097152	42	f8_e4m3_b128	2113536
blk.30.attn_output_a.weight	30	5	attention	[4096x8192]	33554432	42	f8_e4m3_b128	33816576
blk.30.attn_output_b.weight	30	5	attention	[8192x4096]	33554432	42	f8_e4m3_b128	33816576
blk.30.attn_q_a.weight	30	5	attention	[4096x1024]	4194304	42	f8_e4m3_b128	4227072
blk.30.attn_q_b.weight	30	5	attention	[1024x32768]	33554432	42	f8_e4m3_b128	33816576
blk.30.attn_norm.weight	30	5	attention	[4096]	4096	0	f32	16384
blk.30.ffn_down_exps.weight	30	5	routed_expert	[2048x4096x256]	2147483648	39	mxfp4	1140850688
blk.30.ffn_gate_exps.weight	30	5	routed_expert	[4096x2048x256]	2147483648	39	mxfp4	1140850688
blk.30.ffn_up_exps.weight	30	5	routed_expert	[4096x2048x256]	2147483648	39	mxfp4	1140850688
blk.30.exp_probs_b	30	5	router	[256]	256	0	f32	1024
blk.30.ffn_gate_inp.weight	30	5	router	[4096x256]	1048576	0	f32	4194304
blk.30.ffn_gate_shexp.weight	30	5	shared_expert	[4096x2048]	8388608	42	f8_e4m3_b128	8454144
blk.30.ffn_down_shexp.weight	30	5	shared_expert	[2048x4096]	8388608	42	f8_e4m3_b128	8454144
blk.30.ffn_up_shexp.weight	30	5	shared_expert	[4096x2048]	8388608	42	f8_e4m3_b128	8454144
blk.30.ffn_norm.weight	30	5	control	[4096]	4096	0	f32	16384
blk.30.hc_attn_base	30	5	hc	[24]	24	0	f32	96
blk.30.hc_attn_fn	30	5	hc	[16384x24]	393216	0	f32	1572864
blk.30.hc_attn_scale	30	5	hc	[3]	3	0	f32	12
blk.30.hc_ffn_base	30	5	hc	[24]	24	0	f32	96
blk.30.hc_ffn_fn	30	5	hc	[16384x24]	393216	0	f32	1572864
blk.30.hc_ffn_scale	30	5	hc	[3]	3	0	f32	12
blk.31.attn_sinks	31	5	attention	[64]	64	0	f32	256
blk.31.attn_compress_ape	31	5	compressor	[512x128]	65536	0	f32	262144
blk.31.attn_compress_norm.weight	31	5	compressor	[512]	512	0	f32	2048
blk.31.attn_compress_gate.weight	31	5	compressor	[4096x512]	2097152	30	bf16	4194304
blk.31.attn_compress_kv.weight	31	5	compressor	[4096x512]	2097152	30	bf16	4194304
blk.31.attn_kv_a_norm.weight	31	5	attention	[512]	512	0	f32	2048
blk.31.attn_q_a_norm.weight	31	5	attention	[1024]	1024	0	f32	4096
blk.31.attn_kv_latent.weight	31	5	attention	[4096x512]	2097152	42	f8_e4m3_b128	2113536
blk.31.attn_output_a.weight	31	5	attention	[4096x8192]	33554432	42	f8_e4m3_b128	33816576
blk.31.attn_output_b.weight	31	5	attention	[8192x4096]	33554432	42	f8_e4m3_b128	33816576
blk.31.attn_q_a.weight	31	5	attention	[4096x1024]	4194304	42	f8_e4m3_b128	4227072
blk.31.attn_q_b.weight	31	5	attention	[1024x32768]	33554432	42	f8_e4m3_b128	33816576
blk.31.attn_norm.weight	31	5	attention	[4096]	4096	0	f32	16384
blk.31.ffn_down_exps.weight	31	5	routed_expert	[2048x4096x256]	2147483648	39	mxfp4	1140850688
blk.31.ffn_gate_exps.weight	31	5	routed_expert	[4096x2048x256]	2147483648	39	mxfp4	1140850688
blk.31.ffn_up_exps.weight	31	5	routed_expert	[4096x2048x256]	2147483648	39	mxfp4	1140850688
blk.31.exp_probs_b	31	5	router	[256]	256	0	f32	1024
blk.31.ffn_gate_inp.weight	31	5	router	[4096x256]	1048576	0	f32	4194304
blk.31.ffn_gate_shexp.weight	31	5	shared_expert	[4096x2048]	8388608	42	f8_e4m3_b128	8454144
blk.31.ffn_down_shexp.weight	31	5	shared_expert	[2048x4096]	8388608	42	f8_e4m3_b128	8454144
blk.31.ffn_up_shexp.weight	31	5	shared_expert	[4096x2048]	8388608	42	f8_e4m3_b128	8454144
blk.31.ffn_norm.weight	31	5	control	[4096]	4096	0	f32	16384
blk.31.hc_attn_base	31	5	hc	[24]	24	0	f32	96
blk.31.hc_attn_fn	31	5	hc	[16384x24]	393216	0	f32	1572864
blk.31.hc_attn_scale	31	5	hc	[3]	3	0	f32	12
blk.31.hc_ffn_base	31	5	hc	[24]	24	0	f32	96
blk.31.hc_ffn_fn	31	5	hc	[16384x24]	393216	0	f32	1572864
blk.31.hc_ffn_scale	31	5	hc	[3]	3	0	f32	12
blk.32.attn_sinks	32	5	attention	[64]	64	0	f32	256
blk.32.attn_compress_ape	32	5	compressor	[1024x4]	4096	0	f32	16384
blk.32.attn_compress_norm.weight	32	5	compressor	[512]	512	0	f32	2048
blk.32.attn_compress_gate.weight	32	5	compressor	[4096x1024]	4194304	30	bf16	8388608
blk.32.attn_compress_kv.weight	32	5	compressor	[4096x1024]	4194304	30	bf16	8388608
blk.32.indexer.compress_ape	32	5	indexer	[256x4]	1024	0	f32	4096
blk.32.indexer.compress_norm.weight	32	5	indexer	[128]	128	0	f32	512
blk.32.indexer.compress_gate.weight	32	5	indexer	[4096x256]	1048576	30	bf16	2097152
blk.32.indexer.compress_kv.weight	32	5	indexer	[4096x256]	1048576	30	bf16	2097152
blk.32.indexer.proj.weight	32	5	indexer	[4096x64]	262144	30	bf16	524288
blk.32.indexer.attn_q_b.weight	32	5	indexer	[1024x8192]	8388608	42	f8_e4m3_b128	8454144
blk.32.attn_kv_a_norm.weight	32	5	attention	[512]	512	0	f32	2048
blk.32.attn_q_a_norm.weight	32	5	attention	[1024]	1024	0	f32	4096
blk.32.attn_kv_latent.weight	32	5	attention	[4096x512]	2097152	42	f8_e4m3_b128	2113536
blk.32.attn_output_a.weight	32	5	attention	[4096x8192]	33554432	42	f8_e4m3_b128	33816576
blk.32.attn_output_b.weight	32	5	attention	[8192x4096]	33554432	42	f8_e4m3_b128	33816576
blk.32.attn_q_a.weight	32	5	attention	[4096x1024]	4194304	42	f8_e4m3_b128	4227072
blk.32.attn_q_b.weight	32	5	attention	[1024x32768]	33554432	42	f8_e4m3_b128	33816576
blk.32.attn_norm.weight	32	5	attention	[4096]	4096	0	f32	16384
blk.32.ffn_down_exps.weight	32	5	routed_expert	[2048x4096x256]	2147483648	39	mxfp4	1140850688
blk.32.ffn_gate_exps.weight	32	5	routed_expert	[4096x2048x256]	2147483648	39	mxfp4	1140850688
blk.32.ffn_up_exps.weight	32	5	routed_expert	[4096x2048x256]	2147483648	39	mxfp4	1140850688
blk.32.exp_probs_b	32	5	router	[256]	256	0	f32	1024
blk.32.ffn_gate_inp.weight	32	5	router	[4096x256]	1048576	0	f32	4194304
blk.32.ffn_gate_shexp.weight	32	5	shared_expert	[4096x2048]	8388608	42	f8_e4m3_b128	8454144
blk.32.ffn_down_shexp.weight	32	5	shared_expert	[2048x4096]	8388608	42	f8_e4m3_b128	8454144
blk.32.ffn_up_shexp.weight	32	5	shared_expert	[4096x2048]	8388608	42	f8_e4m3_b128	8454144
blk.32.ffn_norm.weight	32	5	control	[4096]	4096	0	f32	16384
blk.32.hc_attn_base	32	5	hc	[24]	24	0	f32	96
blk.32.hc_attn_fn	32	5	hc	[16384x24]	393216	0	f32	1572864
blk.32.hc_attn_scale	32	5	hc	[3]	3	0	f32	12
blk.32.hc_ffn_base	32	5	hc	[24]	24	0	f32	96
blk.32.hc_ffn_fn	32	5	hc	[16384x24]	393216	0	f32	1572864
blk.32.hc_ffn_scale	32	5	hc	[3]	3	0	f32	12
blk.33.attn_sinks	33	5	attention	[64]	64	0	f32	256
blk.33.attn_compress_ape	33	5	compressor	[512x128]	65536	0	f32	262144
blk.33.attn_compress_norm.weight	33	5	compressor	[512]	512	0	f32	2048
blk.33.attn_compress_gate.weight	33	5	compressor	[4096x512]	2097152	30	bf16	4194304
blk.33.attn_compress_kv.weight	33	5	compressor	[4096x512]	2097152	30	bf16	4194304
blk.33.attn_kv_a_norm.weight	33	5	attention	[512]	512	0	f32	2048
blk.33.attn_q_a_norm.weight	33	5	attention	[1024]	1024	0	f32	4096
blk.33.attn_kv_latent.weight	33	5	attention	[4096x512]	2097152	42	f8_e4m3_b128	2113536
blk.33.attn_output_a.weight	33	5	attention	[4096x8192]	33554432	42	f8_e4m3_b128	33816576
blk.33.attn_output_b.weight	33	5	attention	[8192x4096]	33554432	42	f8_e4m3_b128	33816576
blk.33.attn_q_a.weight	33	5	attention	[4096x1024]	4194304	42	f8_e4m3_b128	4227072
blk.33.attn_q_b.weight	33	5	attention	[1024x32768]	33554432	42	f8_e4m3_b128	33816576
blk.33.attn_norm.weight	33	5	attention	[4096]	4096	0	f32	16384
blk.33.ffn_down_exps.weight	33	5	routed_expert	[2048x4096x256]	2147483648	39	mxfp4	1140850688
blk.33.ffn_gate_exps.weight	33	5	routed_expert	[4096x2048x256]	2147483648	39	mxfp4	1140850688
blk.33.ffn_up_exps.weight	33	5	routed_expert	[4096x2048x256]	2147483648	39	mxfp4	1140850688
blk.33.exp_probs_b	33	5	router	[256]	256	0	f32	1024
blk.33.ffn_gate_inp.weight	33	5	router	[4096x256]	1048576	0	f32	4194304
blk.33.ffn_gate_shexp.weight	33	5	shared_expert	[4096x2048]	8388608	42	f8_e4m3_b128	8454144
blk.33.ffn_down_shexp.weight	33	5	shared_expert	[2048x4096]	8388608	42	f8_e4m3_b128	8454144
blk.33.ffn_up_shexp.weight	33	5	shared_expert	[4096x2048]	8388608	42	f8_e4m3_b128	8454144
blk.33.ffn_norm.weight	33	5	control	[4096]	4096	0	f32	16384
blk.33.hc_attn_base	33	5	hc	[24]	24	0	f32	96
blk.33.hc_attn_fn	33	5	hc	[16384x24]	393216	0	f32	1572864
blk.33.hc_attn_scale	33	5	hc	[3]	3	0	f32	12
blk.33.hc_ffn_base	33	5	hc	[24]	24	0	f32	96
blk.33.hc_ffn_fn	33	5	hc	[16384x24]	393216	0	f32	1572864
blk.33.hc_ffn_scale	33	5	hc	[3]	3	0	f32	12
blk.34.attn_sinks	34	5	attention	[64]	64	0	f32	256
blk.34.attn_compress_ape	34	5	compressor	[1024x4]	4096	0	f32	16384
blk.34.attn_compress_norm.weight	34	5	compressor	[512]	512	0	f32	2048
blk.34.attn_compress_gate.weight	34	5	compressor	[4096x1024]	4194304	30	bf16	8388608
blk.34.attn_compress_kv.weight	34	5	compressor	[4096x1024]	4194304	30	bf16	8388608
blk.34.indexer.compress_ape	34	5	indexer	[256x4]	1024	0	f32	4096
blk.34.indexer.compress_norm.weight	34	5	indexer	[128]	128	0	f32	512
blk.34.indexer.compress_gate.weight	34	5	indexer	[4096x256]	1048576	30	bf16	2097152
blk.34.indexer.compress_kv.weight	34	5	indexer	[4096x256]	1048576	30	bf16	2097152
blk.34.indexer.proj.weight	34	5	indexer	[4096x64]	262144	30	bf16	524288
blk.34.indexer.attn_q_b.weight	34	5	indexer	[1024x8192]	8388608	42	f8_e4m3_b128	8454144
blk.34.attn_kv_a_norm.weight	34	5	attention	[512]	512	0	f32	2048
blk.34.attn_q_a_norm.weight	34	5	attention	[1024]	1024	0	f32	4096
blk.34.attn_kv_latent.weight	34	5	attention	[4096x512]	2097152	42	f8_e4m3_b128	2113536
blk.34.attn_output_a.weight	34	5	attention	[4096x8192]	33554432	42	f8_e4m3_b128	33816576
blk.34.attn_output_b.weight	34	5	attention	[8192x4096]	33554432	42	f8_e4m3_b128	33816576
blk.34.attn_q_a.weight	34	5	attention	[4096x1024]	4194304	42	f8_e4m3_b128	4227072
blk.34.attn_q_b.weight	34	5	attention	[1024x32768]	33554432	42	f8_e4m3_b128	33816576
blk.34.attn_norm.weight	34	5	attention	[4096]	4096	0	f32	16384
blk.34.ffn_down_exps.weight	34	5	routed_expert	[2048x4096x256]	2147483648	39	mxfp4	1140850688
blk.34.ffn_gate_exps.weight	34	5	routed_expert	[4096x2048x256]	2147483648	39	mxfp4	1140850688
blk.34.ffn_up_exps.weight	34	5	routed_expert	[4096x2048x256]	2147483648	39	mxfp4	1140850688
blk.34.exp_probs_b	34	5	router	[256]	256	0	f32	1024
blk.34.ffn_gate_inp.weight	34	5	router	[4096x256]	1048576	0	f32	4194304
blk.34.ffn_gate_shexp.weight	34	5	shared_expert	[4096x2048]	8388608	42	f8_e4m3_b128	8454144
blk.34.ffn_down_shexp.weight	34	5	shared_expert	[2048x4096]	8388608	42	f8_e4m3_b128	8454144
blk.34.ffn_up_shexp.weight	34	5	shared_expert	[4096x2048]	8388608	42	f8_e4m3_b128	8454144
blk.34.ffn_norm.weight	34	5	control	[4096]	4096	0	f32	16384
blk.34.hc_attn_base	34	5	hc	[24]	24	0	f32	96
blk.34.hc_attn_fn	34	5	hc	[16384x24]	393216	0	f32	1572864
blk.34.hc_attn_scale	34	5	hc	[3]	3	0	f32	12
blk.34.hc_ffn_base	34	5	hc	[24]	24	0	f32	96
blk.34.hc_ffn_fn	34	5	hc	[16384x24]	393216	0	f32	1572864
blk.34.hc_ffn_scale	34	5	hc	[3]	3	0	f32	12
blk.35.attn_sinks	35	6	attention	[64]	64	0	f32	256
blk.35.attn_compress_ape	35	6	compressor	[512x128]	65536	0	f32	262144
blk.35.attn_compress_norm.weight	35	6	compressor	[512]	512	0	f32	2048
blk.35.attn_compress_gate.weight	35	6	compressor	[4096x512]	2097152	30	bf16	4194304
blk.35.attn_compress_kv.weight	35	6	compressor	[4096x512]	2097152	30	bf16	4194304
blk.35.attn_kv_a_norm.weight	35	6	attention	[512]	512	0	f32	2048
blk.35.attn_q_a_norm.weight	35	6	attention	[1024]	1024	0	f32	4096
blk.35.attn_kv_latent.weight	35	6	attention	[4096x512]	2097152	42	f8_e4m3_b128	2113536
blk.35.attn_output_a.weight	35	6	attention	[4096x8192]	33554432	42	f8_e4m3_b128	33816576
blk.35.attn_output_b.weight	35	6	attention	[8192x4096]	33554432	42	f8_e4m3_b128	33816576
blk.35.attn_q_a.weight	35	6	attention	[4096x1024]	4194304	42	f8_e4m3_b128	4227072
blk.35.attn_q_b.weight	35	6	attention	[1024x32768]	33554432	42	f8_e4m3_b128	33816576
blk.35.attn_norm.weight	35	6	attention	[4096]	4096	0	f32	16384
blk.35.ffn_down_exps.weight	35	6	routed_expert	[2048x4096x256]	2147483648	39	mxfp4	1140850688
blk.35.ffn_gate_exps.weight	35	6	routed_expert	[4096x2048x256]	2147483648	39	mxfp4	1140850688
blk.35.ffn_up_exps.weight	35	6	routed_expert	[4096x2048x256]	2147483648	39	mxfp4	1140850688
blk.35.exp_probs_b	35	6	router	[256]	256	0	f32	1024
blk.35.ffn_gate_inp.weight	35	6	router	[4096x256]	1048576	0	f32	4194304
blk.35.ffn_gate_shexp.weight	35	6	shared_expert	[4096x2048]	8388608	42	f8_e4m3_b128	8454144
blk.35.ffn_down_shexp.weight	35	6	shared_expert	[2048x4096]	8388608	42	f8_e4m3_b128	8454144
blk.35.ffn_up_shexp.weight	35	6	shared_expert	[4096x2048]	8388608	42	f8_e4m3_b128	8454144
blk.35.ffn_norm.weight	35	6	control	[4096]	4096	0	f32	16384
blk.35.hc_attn_base	35	6	hc	[24]	24	0	f32	96
blk.35.hc_attn_fn	35	6	hc	[16384x24]	393216	0	f32	1572864
blk.35.hc_attn_scale	35	6	hc	[3]	3	0	f32	12
blk.35.hc_ffn_base	35	6	hc	[24]	24	0	f32	96
blk.35.hc_ffn_fn	35	6	hc	[16384x24]	393216	0	f32	1572864
blk.35.hc_ffn_scale	35	6	hc	[3]	3	0	f32	12
blk.36.attn_sinks	36	6	attention	[64]	64	0	f32	256
blk.36.attn_compress_ape	36	6	compressor	[1024x4]	4096	0	f32	16384
blk.36.attn_compress_norm.weight	36	6	compressor	[512]	512	0	f32	2048
blk.36.attn_compress_gate.weight	36	6	compressor	[4096x1024]	4194304	30	bf16	8388608
blk.36.attn_compress_kv.weight	36	6	compressor	[4096x1024]	4194304	30	bf16	8388608
blk.36.indexer.compress_ape	36	6	indexer	[256x4]	1024	0	f32	4096
blk.36.indexer.compress_norm.weight	36	6	indexer	[128]	128	0	f32	512
blk.36.indexer.compress_gate.weight	36	6	indexer	[4096x256]	1048576	30	bf16	2097152
blk.36.indexer.compress_kv.weight	36	6	indexer	[4096x256]	1048576	30	bf16	2097152
blk.36.indexer.proj.weight	36	6	indexer	[4096x64]	262144	30	bf16	524288
blk.36.indexer.attn_q_b.weight	36	6	indexer	[1024x8192]	8388608	42	f8_e4m3_b128	8454144
blk.36.attn_kv_a_norm.weight	36	6	attention	[512]	512	0	f32	2048
blk.36.attn_q_a_norm.weight	36	6	attention	[1024]	1024	0	f32	4096
blk.36.attn_kv_latent.weight	36	6	attention	[4096x512]	2097152	42	f8_e4m3_b128	2113536
blk.36.attn_output_a.weight	36	6	attention	[4096x8192]	33554432	42	f8_e4m3_b128	33816576
blk.36.attn_output_b.weight	36	6	attention	[8192x4096]	33554432	42	f8_e4m3_b128	33816576
blk.36.attn_q_a.weight	36	6	attention	[4096x1024]	4194304	42	f8_e4m3_b128	4227072
blk.36.attn_q_b.weight	36	6	attention	[1024x32768]	33554432	42	f8_e4m3_b128	33816576
blk.36.attn_norm.weight	36	6	attention	[4096]	4096	0	f32	16384
blk.36.ffn_down_exps.weight	36	6	routed_expert	[2048x4096x256]	2147483648	39	mxfp4	1140850688
blk.36.ffn_gate_exps.weight	36	6	routed_expert	[4096x2048x256]	2147483648	39	mxfp4	1140850688
blk.36.ffn_up_exps.weight	36	6	routed_expert	[4096x2048x256]	2147483648	39	mxfp4	1140850688
blk.36.exp_probs_b	36	6	router	[256]	256	0	f32	1024
blk.36.ffn_gate_inp.weight	36	6	router	[4096x256]	1048576	0	f32	4194304
blk.36.ffn_gate_shexp.weight	36	6	shared_expert	[4096x2048]	8388608	42	f8_e4m3_b128	8454144
blk.36.ffn_down_shexp.weight	36	6	shared_expert	[2048x4096]	8388608	42	f8_e4m3_b128	8454144
blk.36.ffn_up_shexp.weight	36	6	shared_expert	[4096x2048]	8388608	42	f8_e4m3_b128	8454144
blk.36.ffn_norm.weight	36	6	control	[4096]	4096	0	f32	16384
blk.36.hc_attn_base	36	6	hc	[24]	24	0	f32	96
blk.36.hc_attn_fn	36	6	hc	[16384x24]	393216	0	f32	1572864
blk.36.hc_attn_scale	36	6	hc	[3]	3	0	f32	12
blk.36.hc_ffn_base	36	6	hc	[24]	24	0	f32	96
blk.36.hc_ffn_fn	36	6	hc	[16384x24]	393216	0	f32	1572864
blk.36.hc_ffn_scale	36	6	hc	[3]	3	0	f32	12
blk.37.attn_sinks	37	6	attention	[64]	64	0	f32	256
blk.37.attn_compress_ape	37	6	compressor	[512x128]	65536	0	f32	262144
blk.37.attn_compress_norm.weight	37	6	compressor	[512]	512	0	f32	2048
blk.37.attn_compress_gate.weight	37	6	compressor	[4096x512]	2097152	30	bf16	4194304
blk.37.attn_compress_kv.weight	37	6	compressor	[4096x512]	2097152	30	bf16	4194304
blk.37.attn_kv_a_norm.weight	37	6	attention	[512]	512	0	f32	2048
blk.37.attn_q_a_norm.weight	37	6	attention	[1024]	1024	0	f32	4096
blk.37.attn_kv_latent.weight	37	6	attention	[4096x512]	2097152	42	f8_e4m3_b128	2113536
blk.37.attn_output_a.weight	37	6	attention	[4096x8192]	33554432	42	f8_e4m3_b128	33816576
blk.37.attn_output_b.weight	37	6	attention	[8192x4096]	33554432	42	f8_e4m3_b128	33816576
blk.37.attn_q_a.weight	37	6	attention	[4096x1024]	4194304	42	f8_e4m3_b128	4227072
blk.37.attn_q_b.weight	37	6	attention	[1024x32768]	33554432	42	f8_e4m3_b128	33816576
blk.37.attn_norm.weight	37	6	attention	[4096]	4096	0	f32	16384
blk.37.ffn_down_exps.weight	37	6	routed_expert	[2048x4096x256]	2147483648	39	mxfp4	1140850688
blk.37.ffn_gate_exps.weight	37	6	routed_expert	[4096x2048x256]	2147483648	39	mxfp4	1140850688
blk.37.ffn_up_exps.weight	37	6	routed_expert	[4096x2048x256]	2147483648	39	mxfp4	1140850688
blk.37.exp_probs_b	37	6	router	[256]	256	0	f32	1024
blk.37.ffn_gate_inp.weight	37	6	router	[4096x256]	1048576	0	f32	4194304
blk.37.ffn_gate_shexp.weight	37	6	shared_expert	[4096x2048]	8388608	42	f8_e4m3_b128	8454144
blk.37.ffn_down_shexp.weight	37	6	shared_expert	[2048x4096]	8388608	42	f8_e4m3_b128	8454144
blk.37.ffn_up_shexp.weight	37	6	shared_expert	[4096x2048]	8388608	42	f8_e4m3_b128	8454144
blk.37.ffn_norm.weight	37	6	control	[4096]	4096	0	f32	16384
blk.37.hc_attn_base	37	6	hc	[24]	24	0	f32	96
blk.37.hc_attn_fn	37	6	hc	[16384x24]	393216	0	f32	1572864
blk.37.hc_attn_scale	37	6	hc	[3]	3	0	f32	12
blk.37.hc_ffn_base	37	6	hc	[24]	24	0	f32	96
blk.37.hc_ffn_fn	37	6	hc	[16384x24]	393216	0	f32	1572864
blk.37.hc_ffn_scale	37	6	hc	[3]	3	0	f32	12
blk.38.attn_sinks	38	6	attention	[64]	64	0	f32	256
blk.38.attn_compress_ape	38	6	compressor	[1024x4]	4096	0	f32	16384
blk.38.attn_compress_norm.weight	38	6	compressor	[512]	512	0	f32	2048
blk.38.attn_compress_gate.weight	38	6	compressor	[4096x1024]	4194304	30	bf16	8388608
blk.38.attn_compress_kv.weight	38	6	compressor	[4096x1024]	4194304	30	bf16	8388608
blk.38.indexer.compress_ape	38	6	indexer	[256x4]	1024	0	f32	4096
blk.38.indexer.compress_norm.weight	38	6	indexer	[128]	128	0	f32	512
blk.38.indexer.compress_gate.weight	38	6	indexer	[4096x256]	1048576	30	bf16	2097152
blk.38.indexer.compress_kv.weight	38	6	indexer	[4096x256]	1048576	30	bf16	2097152
blk.38.indexer.proj.weight	38	6	indexer	[4096x64]	262144	30	bf16	524288
blk.38.indexer.attn_q_b.weight	38	6	indexer	[1024x8192]	8388608	42	f8_e4m3_b128	8454144
blk.38.attn_kv_a_norm.weight	38	6	attention	[512]	512	0	f32	2048
blk.38.attn_q_a_norm.weight	38	6	attention	[1024]	1024	0	f32	4096
blk.38.attn_kv_latent.weight	38	6	attention	[4096x512]	2097152	42	f8_e4m3_b128	2113536
blk.38.attn_output_a.weight	38	6	attention	[4096x8192]	33554432	42	f8_e4m3_b128	33816576
blk.38.attn_output_b.weight	38	6	attention	[8192x4096]	33554432	42	f8_e4m3_b128	33816576
blk.38.attn_q_a.weight	38	6	attention	[4096x1024]	4194304	42	f8_e4m3_b128	4227072
blk.38.attn_q_b.weight	38	6	attention	[1024x32768]	33554432	42	f8_e4m3_b128	33816576
blk.38.attn_norm.weight	38	6	attention	[4096]	4096	0	f32	16384
blk.38.ffn_down_exps.weight	38	6	routed_expert	[2048x4096x256]	2147483648	39	mxfp4	1140850688
blk.38.ffn_gate_exps.weight	38	6	routed_expert	[4096x2048x256]	2147483648	39	mxfp4	1140850688
blk.38.ffn_up_exps.weight	38	6	routed_expert	[4096x2048x256]	2147483648	39	mxfp4	1140850688
blk.38.exp_probs_b	38	6	router	[256]	256	0	f32	1024
blk.38.ffn_gate_inp.weight	38	6	router	[4096x256]	1048576	0	f32	4194304
blk.38.ffn_gate_shexp.weight	38	6	shared_expert	[4096x2048]	8388608	42	f8_e4m3_b128	8454144
blk.38.ffn_down_shexp.weight	38	6	shared_expert	[2048x4096]	8388608	42	f8_e4m3_b128	8454144
blk.38.ffn_up_shexp.weight	38	6	shared_expert	[4096x2048]	8388608	42	f8_e4m3_b128	8454144
blk.38.ffn_norm.weight	38	6	control	[4096]	4096	0	f32	16384
blk.38.hc_attn_base	38	6	hc	[24]	24	0	f32	96
blk.38.hc_attn_fn	38	6	hc	[16384x24]	393216	0	f32	1572864
blk.38.hc_attn_scale	38	6	hc	[3]	3	0	f32	12
blk.38.hc_ffn_base	38	6	hc	[24]	24	0	f32	96
blk.38.hc_ffn_fn	38	6	hc	[16384x24]	393216	0	f32	1572864
blk.38.hc_ffn_scale	38	6	hc	[3]	3	0	f32	12
blk.39.attn_sinks	39	6	attention	[64]	64	0	f32	256
blk.39.attn_compress_ape	39	6	compressor	[512x128]	65536	0	f32	262144
blk.39.attn_compress_norm.weight	39	6	compressor	[512]	512	0	f32	2048
blk.39.attn_compress_gate.weight	39	6	compressor	[4096x512]	2097152	30	bf16	4194304
blk.39.attn_compress_kv.weight	39	6	compressor	[4096x512]	2097152	30	bf16	4194304
blk.39.attn_kv_a_norm.weight	39	6	attention	[512]	512	0	f32	2048
blk.39.attn_q_a_norm.weight	39	6	attention	[1024]	1024	0	f32	4096
blk.39.attn_kv_latent.weight	39	6	attention	[4096x512]	2097152	42	f8_e4m3_b128	2113536
blk.39.attn_output_a.weight	39	6	attention	[4096x8192]	33554432	42	f8_e4m3_b128	33816576
blk.39.attn_output_b.weight	39	6	attention	[8192x4096]	33554432	42	f8_e4m3_b128	33816576
blk.39.attn_q_a.weight	39	6	attention	[4096x1024]	4194304	42	f8_e4m3_b128	4227072
blk.39.attn_q_b.weight	39	6	attention	[1024x32768]	33554432	42	f8_e4m3_b128	33816576
blk.39.attn_norm.weight	39	6	attention	[4096]	4096	0	f32	16384
blk.39.ffn_down_exps.weight	39	6	routed_expert	[2048x4096x256]	2147483648	39	mxfp4	1140850688
blk.39.ffn_gate_exps.weight	39	6	routed_expert	[4096x2048x256]	2147483648	39	mxfp4	1140850688
blk.39.ffn_up_exps.weight	39	6	routed_expert	[4096x2048x256]	2147483648	39	mxfp4	1140850688
blk.39.exp_probs_b	39	6	router	[256]	256	0	f32	1024
blk.39.ffn_gate_inp.weight	39	6	router	[4096x256]	1048576	0	f32	4194304
blk.39.ffn_gate_shexp.weight	39	6	shared_expert	[4096x2048]	8388608	42	f8_e4m3_b128	8454144
blk.39.ffn_down_shexp.weight	39	6	shared_expert	[2048x4096]	8388608	42	f8_e4m3_b128	8454144
blk.39.ffn_up_shexp.weight	39	6	shared_expert	[4096x2048]	8388608	42	f8_e4m3_b128	8454144
blk.39.ffn_norm.weight	39	6	control	[4096]	4096	0	f32	16384
blk.39.hc_attn_base	39	6	hc	[24]	24	0	f32	96
blk.39.hc_attn_fn	39	6	hc	[16384x24]	393216	0	f32	1572864
blk.39.hc_attn_scale	39	6	hc	[3]	3	0	f32	12
blk.39.hc_ffn_base	39	6	hc	[24]	24	0	f32	96
blk.39.hc_ffn_fn	39	6	hc	[16384x24]	393216	0	f32	1572864
blk.39.hc_ffn_scale	39	6	hc	[3]	3	0	f32	12
blk.40.attn_sinks	40	7	attention	[64]	64	0	f32	256
blk.40.attn_compress_ape	40	7	compressor	[1024x4]	4096	0	f32	16384
blk.40.attn_compress_norm.weight	40	7	compressor	[512]	512	0	f32	2048
blk.40.attn_compress_gate.weight	40	7	compressor	[4096x1024]	4194304	30	bf16	8388608
blk.40.attn_compress_kv.weight	40	7	compressor	[4096x1024]	4194304	30	bf16	8388608
blk.40.indexer.compress_ape	40	7	indexer	[256x4]	1024	0	f32	4096
blk.40.indexer.compress_norm.weight	40	7	indexer	[128]	128	0	f32	512
blk.40.indexer.compress_gate.weight	40	7	indexer	[4096x256]	1048576	30	bf16	2097152
blk.40.indexer.compress_kv.weight	40	7	indexer	[4096x256]	1048576	30	bf16	2097152
blk.40.indexer.proj.weight	40	7	indexer	[4096x64]	262144	30	bf16	524288
blk.40.indexer.attn_q_b.weight	40	7	indexer	[1024x8192]	8388608	42	f8_e4m3_b128	8454144
blk.40.attn_kv_a_norm.weight	40	7	attention	[512]	512	0	f32	2048
blk.40.attn_q_a_norm.weight	40	7	attention	[1024]	1024	0	f32	4096
blk.40.attn_kv_latent.weight	40	7	attention	[4096x512]	2097152	42	f8_e4m3_b128	2113536
blk.40.attn_output_a.weight	40	7	attention	[4096x8192]	33554432	42	f8_e4m3_b128	33816576
blk.40.attn_output_b.weight	40	7	attention	[8192x4096]	33554432	42	f8_e4m3_b128	33816576
blk.40.attn_q_a.weight	40	7	attention	[4096x1024]	4194304	42	f8_e4m3_b128	4227072
blk.40.attn_q_b.weight	40	7	attention	[1024x32768]	33554432	42	f8_e4m3_b128	33816576
blk.40.attn_norm.weight	40	7	attention	[4096]	4096	0	f32	16384
blk.40.ffn_down_exps.weight	40	7	routed_expert	[2048x4096x256]	2147483648	39	mxfp4	1140850688
blk.40.ffn_gate_exps.weight	40	7	routed_expert	[4096x2048x256]	2147483648	39	mxfp4	1140850688
blk.40.ffn_up_exps.weight	40	7	routed_expert	[4096x2048x256]	2147483648	39	mxfp4	1140850688
blk.40.exp_probs_b	40	7	router	[256]	256	0	f32	1024
blk.40.ffn_gate_inp.weight	40	7	router	[4096x256]	1048576	0	f32	4194304
blk.40.ffn_gate_shexp.weight	40	7	shared_expert	[4096x2048]	8388608	42	f8_e4m3_b128	8454144
blk.40.ffn_down_shexp.weight	40	7	shared_expert	[2048x4096]	8388608	42	f8_e4m3_b128	8454144
blk.40.ffn_up_shexp.weight	40	7	shared_expert	[4096x2048]	8388608	42	f8_e4m3_b128	8454144
blk.40.ffn_norm.weight	40	7	control	[4096]	4096	0	f32	16384
blk.40.hc_attn_base	40	7	hc	[24]	24	0	f32	96
blk.40.hc_attn_fn	40	7	hc	[16384x24]	393216	0	f32	1572864
blk.40.hc_attn_scale	40	7	hc	[3]	3	0	f32	12
blk.40.hc_ffn_base	40	7	hc	[24]	24	0	f32	96
blk.40.hc_ffn_fn	40	7	hc	[16384x24]	393216	0	f32	1572864
blk.40.hc_ffn_scale	40	7	hc	[3]	3	0	f32	12
blk.41.attn_sinks	41	7	attention	[64]	64	0	f32	256
blk.41.attn_compress_ape	41	7	compressor	[512x128]	65536	0	f32	262144
blk.41.attn_compress_norm.weight	41	7	compressor	[512]	512	0	f32	2048
blk.41.attn_compress_gate.weight	41	7	compressor	[4096x512]	2097152	30	bf16	4194304
blk.41.attn_compress_kv.weight	41	7	compressor	[4096x512]	2097152	30	bf16	4194304
blk.41.attn_kv_a_norm.weight	41	7	attention	[512]	512	0	f32	2048
blk.41.attn_q_a_norm.weight	41	7	attention	[1024]	1024	0	f32	4096
blk.41.attn_kv_latent.weight	41	7	attention	[4096x512]	2097152	42	f8_e4m3_b128	2113536
blk.41.attn_output_a.weight	41	7	attention	[4096x8192]	33554432	42	f8_e4m3_b128	33816576
blk.41.attn_output_b.weight	41	7	attention	[8192x4096]	33554432	42	f8_e4m3_b128	33816576
blk.41.attn_q_a.weight	41	7	attention	[4096x1024]	4194304	42	f8_e4m3_b128	4227072
blk.41.attn_q_b.weight	41	7	attention	[1024x32768]	33554432	42	f8_e4m3_b128	33816576
blk.41.attn_norm.weight	41	7	attention	[4096]	4096	0	f32	16384
blk.41.ffn_down_exps.weight	41	7	routed_expert	[2048x4096x256]	2147483648	39	mxfp4	1140850688
blk.41.ffn_gate_exps.weight	41	7	routed_expert	[4096x2048x256]	2147483648	39	mxfp4	1140850688
blk.41.ffn_up_exps.weight	41	7	routed_expert	[4096x2048x256]	2147483648	39	mxfp4	1140850688
blk.41.exp_probs_b	41	7	router	[256]	256	0	f32	1024
blk.41.ffn_gate_inp.weight	41	7	router	[4096x256]	1048576	0	f32	4194304
blk.41.ffn_gate_shexp.weight	41	7	shared_expert	[4096x2048]	8388608	42	f8_e4m3_b128	8454144
blk.41.ffn_down_shexp.weight	41	7	shared_expert	[2048x4096]	8388608	42	f8_e4m3_b128	8454144
blk.41.ffn_up_shexp.weight	41	7	shared_expert	[4096x2048]	8388608	42	f8_e4m3_b128	8454144
blk.41.ffn_norm.weight	41	7	control	[4096]	4096	0	f32	16384
blk.41.hc_attn_base	41	7	hc	[24]	24	0	f32	96
blk.41.hc_attn_fn	41	7	hc	[16384x24]	393216	0	f32	1572864
blk.41.hc_attn_scale	41	7	hc	[3]	3	0	f32	12
blk.41.hc_ffn_base	41	7	hc	[24]	24	0	f32	96
blk.41.hc_ffn_fn	41	7	hc	[16384x24]	393216	0	f32	1572864
blk.41.hc_ffn_scale	41	7	hc	[3]	3	0	f32	12
blk.42.attn_sinks	42	7	attention	[64]	64	0	f32	256
blk.42.attn_compress_ape	42	7	compressor	[1024x4]	4096	0	f32	16384
blk.42.attn_compress_norm.weight	42	7	compressor	[512]	512	0	f32	2048
blk.42.attn_compress_gate.weight	42	7	compressor	[4096x1024]	4194304	30	bf16	8388608
blk.42.attn_compress_kv.weight	42	7	compressor	[4096x1024]	4194304	30	bf16	8388608
blk.42.indexer.compress_ape	42	7	indexer	[256x4]	1024	0	f32	4096
blk.42.indexer.compress_norm.weight	42	7	indexer	[128]	128	0	f32	512
blk.42.indexer.compress_gate.weight	42	7	indexer	[4096x256]	1048576	30	bf16	2097152
blk.42.indexer.compress_kv.weight	42	7	indexer	[4096x256]	1048576	30	bf16	2097152
blk.42.indexer.proj.weight	42	7	indexer	[4096x64]	262144	30	bf16	524288
blk.42.indexer.attn_q_b.weight	42	7	indexer	[1024x8192]	8388608	42	f8_e4m3_b128	8454144
blk.42.attn_kv_a_norm.weight	42	7	attention	[512]	512	0	f32	2048
blk.42.attn_q_a_norm.weight	42	7	attention	[1024]	1024	0	f32	4096
blk.42.attn_kv_latent.weight	42	7	attention	[4096x512]	2097152	42	f8_e4m3_b128	2113536
blk.42.attn_output_a.weight	42	7	attention	[4096x8192]	33554432	42	f8_e4m3_b128	33816576
blk.42.attn_output_b.weight	42	7	attention	[8192x4096]	33554432	42	f8_e4m3_b128	33816576
blk.42.attn_q_a.weight	42	7	attention	[4096x1024]	4194304	42	f8_e4m3_b128	4227072
blk.42.attn_q_b.weight	42	7	attention	[1024x32768]	33554432	42	f8_e4m3_b128	33816576
blk.42.attn_norm.weight	42	7	attention	[4096]	4096	0	f32	16384
blk.42.ffn_down_exps.weight	42	7	routed_expert	[2048x4096x256]	2147483648	39	mxfp4	1140850688
blk.42.ffn_gate_exps.weight	42	7	routed_expert	[4096x2048x256]	2147483648	39	mxfp4	1140850688
blk.42.ffn_up_exps.weight	42	7	routed_expert	[4096x2048x256]	2147483648	39	mxfp4	1140850688
blk.42.exp_probs_b	42	7	router	[256]	256	0	f32	1024
blk.42.ffn_gate_inp.weight	42	7	router	[4096x256]	1048576	0	f32	4194304
blk.42.ffn_gate_shexp.weight	42	7	shared_expert	[4096x2048]	8388608	42	f8_e4m3_b128	8454144
blk.42.ffn_down_shexp.weight	42	7	shared_expert	[2048x4096]	8388608	42	f8_e4m3_b128	8454144
blk.42.ffn_up_shexp.weight	42	7	shared_expert	[4096x2048]	8388608	42	f8_e4m3_b128	8454144
blk.42.ffn_norm.weight	42	7	control	[4096]	4096	0	f32	16384
blk.42.hc_attn_base	42	7	hc	[24]	24	0	f32	96
blk.42.hc_attn_fn	42	7	hc	[16384x24]	393216	0	f32	1572864
blk.42.hc_attn_scale	42	7	hc	[3]	3	0	f32	12
blk.42.hc_ffn_base	42	7	hc	[24]	24	0	f32	96
blk.42.hc_ffn_fn	42	7	hc	[16384x24]	393216	0	f32	1572864
blk.42.hc_ffn_scale	42	7	hc	[3]	3	0	f32	12
hc_head_base	-1	-1	hc	[4]	4	0	f32	16
hc_head_fn	-1	-1	hc	[16384x4]	65536	0	f32	262144
hc_head_scale	-1	-1	hc	[1]	1	0	f32	4
output.weight	-1	-1	output_head	[4096x129280]	529530880	30	bf16	1059061760
output_norm.weight	-1	-1	global	[4096]	4096	0	f32	16384
